Workbook
Name Country: KDI_Dashboard!$M$5
Name Income_group: KDI_Dashboard!$D$3
Name Year: KDI_Dashboard!$G$5

Sheet Development Indicators
A1: Country Name | B1: Country Code | C1: Region | D1: IncomeGroup | E1: Year | F1: Birth rate, crude (per 1,000 people) | G1: Death rate, crude (per 1,000 people) | H1: Electric power consumption (kWh per capita) | I1: GDP (USD) | J1: GDP per capita (USD) | K1: Individuals using the Internet (% of population) | L1: Infant mortality rate (per 1,000 live births) | M1: Life expectancy at birth (years) | N1: Population density (people per sq. km of land area) | O1: Unemployment (% of total labor force) (modeled ILO estimate)
A2: Afghanistan | B2: AFG | C2: South Asia | D2: Low income | E2: 2018 | I2: 19363000000 | J2: 520.897 | L2: 47.9 | N2: 56.9378 | O2: 1.542
A3: Afghanistan | B3: AFG | C3: South Asia | D3: Low income | E3: 2017 | F3: 33.211 | G3: 6.575 | I3: 20191800000 | J3: 556.302 | K3: 13.5 | L3: 49.5 | M3: 64.13 | N3: 55.596 | O3: 1.559
A4: Afghanistan | B4: AFG | C4: South Asia | D4: Low income | E4: 2016 | F4: 33.981 | G4: 6.742 | I4: 19362600000 | J4: 547.228 | K4: 11.2 | L4: 51.2 | M4: 63.763 | N4: 54.1971 | O4: 1.634
A5: Afghanistan | B5: AFG | C5: South Asia | D5: Low income | E5: 2015 | F5: 34.809 | G5: 6.929 | I5: 19907100000 | J5: 578.466 | K5: 8.26 | L5: 53.1 | M5: 63.377 | N5: 52.7121 | O5: 1.679
A6: Afghanistan | B6: AFG | C6: South Asia | D6: Low income | E6: 2014 | F6: 35.706 | G6: 7.141 | I6: 20484900000 | J6: 613.856 | K6: 7 | L6: 55.1 | M6: 62.966 | N6: 51.1148 | O6: 1.735
A7: Afghanistan | B7: AFG | C7: South Asia | D7: Low income | E7: 2013 | F7: 36.67 | G7: 7.38 | I7: 20561100000 | J7: 637.165 | K7: 5.9 | L7: 57.3 | M7: 62.525 | N7: 49.428 | O7: 1.725
A8: Afghanistan | B8: AFG | C8: South Asia | D8: Low income | E8: 2012 | F8: 37.69 | G8: 7.645 | I8: 20001600000 | J8: 641.872 | K8: 5.45455 | L8: 59.5 | M8: 62.054 | N8: 47.7306 | O8: 1.692
A9: Afghanistan | B9: AFG | C9: South Asia | D9: Low income | E9: 2011 | F9: 38.75 | G9: 7.936 | I9: 17804300000 | J9: 591.162 | K9: 5 | L9: 61.9 | M9: 61.553 | N9: 46.1315 | O9: 1.984
A10: Afghanistan | B10: AFG | C10: South Asia | D10: Low income | E10: 2010 | F10: 39.829 | G10: 8.25 | I10: 15856600000 | J10: 543.303 | K10: 4 | L10: 64.3 | M10: 61.028 | N10: 44.7041 | O10: 2.275
A11: Afghanistan | B11: AFG | C11: South Asia | D11: Low income | E11: 2009 | F11: 40.903 | G11: 8.584 | I11: 12439100000 | J11: 438.076 | K11: 3.55 | L11: 66.8 | M11: 60.484 | N11: 43.493 | O11: 2.47
A12: Afghanistan | B12: AFG | C12: South Asia | D12: Low income | E12: 2008 | F12: 41.949 | G12: 8.932 | I12: 10109200000 | J12: 364.66 | K12: 1.84 | L12: 69.4 | M12: 59.93 | N12: 42.4628 | O12: 2.494
A13: Afghanistan | B13: AFG | C13: South Asia | D13: Low income | E13: 2007 | F13: 42.944 | G13: 9.287 | I13: 9747890000 | J13: 359.693 | K13: 1.9 | L13: 72 | M13: 59.375 | N13: 41.5105 | O13: 2.128
A14: Afghanistan | B14: AFG | C14: South Asia | D14: Low income | E14: 2006 | F14: 43.87 | G14: 9.645 | I14: 6971290000 | J14: 263.734 | K14: 2.10712 | L14: 74.7 | M14: 58.826 | N14: 40.4881 | O14: 2.825
... A18: Afghanistan | B18: AFG | C18: South Asia | D18: Low income | E18: 2002 | F18: 46.901 | G18: 11.048 | I18: 4055180000 | J18: 179.426 | K18: 0.0045614 | L18: 85.4 | M18: 56.784 | N18: 34.6181 | O18: 3.55
A19: Afghanistan | B19: AFG | C19: South Asia | D19: Low income | E19: 2001 | F19: 47.505 | G19: 11.387 | K19: 0.00472257 | L19: 88 | M19: 56.308 | N19: 33.0959 | O19: 3.426
A20: Afghanistan | B20: AFG | C20: South Asia | D20: Low income | E20: 2000 | F20: 48.021 | G20: 11.718 | L20: 90.6 | M20: 55.841 | N20: 31.8291 | O20: 3.517
A21: Afghanistan | B21: AFG | C21: South Asia | D21: Low income | E21: 1999 | F21: 48.419 | G21: 12.037 | L21: 93.1 | M21: 55.376 | N21: 30.8961 | O21: 3.606
A22: Afghanistan | B22: AFG | C22: South Asia | D22: Low income | E22: 1998 | F22: 48.688 | G22: 12.348 | L22: 95.7 | M22: 54.906 | N22: 30.2328 | O22: 3.536
A23: Afghanistan | B23: AFG | C23: South Asia | D23: Low income | E23: 1997 | F23: 48.833 | G23: 12.655 | L23: 98.4 | M23: 54.424 | N23: 29.6497 | O23: 3.603
A24: Afghanistan | B24: AFG | C24: South Asia | D24: Low income | E24: 1996 | F24: 48.87 | G24: 12.964 | L24: 101.1 | M24: 53.924 | N24: 28.8782 | O24: 3.621
A25: Afghanistan | B25: AFG | C25: South Asia | D25: Low income | E25: 1995 | F25: 48.835 | G25: 13.282 | L25: 104 | M25: 53.398 | N25: 27.7405 | O25: 3.653
A26: Afghanistan | B26: AFG | C26: South Asia | D26: Low income | E26: 1994 | F26: 48.77 | G26: 13.616 | L26: 107.1 | M26: 52.842 | N26: 26.1553 | O26: 3.612
A27: Afghanistan | B27: AFG | C27: South Asia | D27: Low income | E27: 1993 | F27: 48.717 | G27: 13.974 | L27: 110.4 | M27: 52.256 | N27: 24.2266 | O27: 3.463
A28: Afghanistan | B28: AFG | C28: South Asia | D28: Low income | E28: 1992 | F28: 48.709 | G28: 14.362 | L28: 113.7 | M28: 51.641 | N28: 22.1878 | O28: 3.173
A29: Afghanistan | B29: AFG | C29: South Asia | D29: Low income | E29: 1991 | F29: 48.763 | G29: 14.783 | L29: 117.3 | M29: 50.999 | N29: 20.3704 | O29: 2.976
A30: Afghanistan | B30: AFG | C30: South Asia | D30: Low income | E30: 1990 | F30: 48.88 | G30: 15.241 | K30: 0 | L30: 121.1 | M30: 50.331 | N30: 19.0122
A31: Afghanistan | B31: AFG | C31: South Asia | D31: Low income | E31: 1989 | F31: 49.048 | G31: 15.738 | L31: 125.1 | M31: 49.64 | N31: 18.1798
A32: Afghanistan | B32: AFG | C32: South Asia | D32: Low income | E32: 1988 | F32: 49.236 | G32: 16.268 | L32: 129.2 | M32: 48.93 | N32: 17.7956
A33: Afghanistan | B33: AFG | C33: South Asia | D33: Low income | E33: 1987 | F33: 49.418 | G33: 16.826 | L33: 133.3 | M33: 48.211 | N33: 17.7749
A34: Afghanistan | B34: AFG | C34: South Asia | D34: Low income | E34: 1986 | F34: 49.586 | G34: 17.406 | L34: 137.5 | M34: 47.486 | N34: 17.9766
A35: Afghanistan | B35: AFG | C35: South Asia | D35: Low income | E35: 1985 | F35: 49.735 | G35: 18.005 | L35: 141.6 | M35: 46.761 | N35: 18.286
A36: Afghanistan | B36: AFG | C36: South Asia | D36: Low income | E36: 1984 | F36: 49.865 | G36: 18.618 | L36: 145.7 | M36: 46.04 | N36: 18.6936
A37: Afghanistan | B37: AFG | C37: South Asia | D37: Low income | E37: 1983 | F37: 49.984 | G37: 19.24 | L37: 149.8 | M37: 45.324 | N37: 19.2043
A38: Afghanistan | B38: AFG | C38: South Asia | D38: Low income | E38: 1982 | F38: 50.098 | G38: 19.865 | L38: 154.1 | M38: 44.617 | N38: 19.7325
A39: Afghanistan | B39: AFG | C39: South Asia | D39: Low income | E39: 1981 | F39: 50.21 | G39: 20.49 | I39: 3478790000 | J39: 264.111 | L39: 158.4 | M39: 43.923 | N39: 20.1753
A40: Afghanistan | B40: AFG | C40: South Asia | D40: Low income | E40: 1980 | F40: 50.321 | G40: 21.109 | I40: 3641720000 | J40: 272.655 | L40: 162.7 | M40: 43.244 | N40: 20.4585
A41: Afghanistan | B41: AFG | C41: South Asia | D41: Low income | E41: 1979 | F41: 50.436 | G41: 21.72 | I41: 3697940000 | J41: 275.738 | L41: 167 | M41: 42.585 | N41: 20.542
A42: Afghanistan | B42: AFG | C42: South Asia | D42: Low income | E42: 1978 | F42: 50.555 | G42: 22.324 | I42: 3300000000 | J42: 247.354 | L42: 171.2 | M42: 41.944 | N42: 20.435
A43: Afghanistan | B43: AFG | C43: South Asia | D43: Low income | E43: 1977 | F43: 50.678 | G43: 22.92 | I43: 2953330000 | J43: 224.225 | L43: 175.4 | M43: 41.32 | N43: 20.1748
A44: Afghanistan | B44: AFG | C44: South Asia | D44: Low income | E44: 1976 | F44: 50.803 | G44: 23.508 | I44: 2555560000 | J44: 197.446 | L44: 179.3 | M44: 40.715 | N44: 19.8252
A45: Afghanistan | B45: AFG | C45: South Asia | D45: Low income | E45: 1975 | F45: 50.93 | G45: 24.087 | I45: 2366670000 | J45: 186.511 | L45: 183.2 | M45: 40.128 | N45: 19.4363
A46: Afghanistan | B46: AFG | C46: South Asia | D46: Low income | E46: 1974 | F46: 51.058 | G46: 24.658 | I46: 2155560000 | J46: 173.654 | L46: 187.2 | M46: 39.558 | N46: 19.0132
A47: Afghanistan | B47: AFG | C47: South Asia | D47: Low income | E47: 1973 | F47: 51.184 | G47: 25.222 | I47: 1733330000 | J47: 143.145 | L47: 191 | M47: 39.003 | N47: 18.5476
A48: Afghanistan | B48: AFG | C48: South Asia | D48: Low income | E48: 1972 | F48: 51.303 | G48: 25.781 | I48: 1595560000 | J48: 135.317 | L48: 195 | M48: 38.461 | N48: 18.0609
A49: Afghanistan | B49: AFG | C49: South Asia | D49: Low income | E49: 1971 | F49: 51.411 | G49: 26.334 | I49: 1831110000 | J49: 159.568 | L49: 198.8 | M49: 37.93 | N49: 17.5772
A50: Afghanistan | B50: AFG | C50: South Asia | D50: Low income | E50: 1970 | F50: 51.502 | G50: 26.88 | I50: 1748890000 | J50: 156.519 | L50: 202.6 | M50: 37.409 | N50: 17.1149
... A59: Afghanistan | B59: AFG | C59: South Asia | D59: Low income | E59: 1961 | F59: 51.373 | G59: 31.649 | I59: 548889000 | J59: 59.8609 | L59: 236.5 | M59: 32.962 | N59: 14.045
A60: Afghanistan | B60: AFG | C60: South Asia | D60: Low income | E60: 1960 | F60: 51.279 | G60: 32.219 | I60: 537778000 | J60: 59.7732 | M60: 32.446
A61: Albania | B61: ALB | C61: Europe & Central Asia | D61: Upper middle income | E61: 2018 | I61: 15058900000 | J61: 5253.63 | L61: 7.8 | N61: 104.612 | O61: 13.898
A62: Albania | B62: ALB | C62: Europe & Central Asia | D62: Upper middle income | E62: 2017 | F62: 11.934 | G62: 7.714 | I62: 13025100000 | J62: 4532.89 | K62: 71.847 | L62: 8 | M62: 78.333 | N62: 104.871 | O62: 13.75
A63: Albania | B63: ALB | C63: Europe & Central Asia | D63: Upper middle income | E63: 2016 | F63: 12.08 | G63: 7.534 | I63: 11861400000 | J63: 4124.11 | K63: 66.3634 | L63: 8.2 | M63: 78.194 | N63: 104.967 | O63: 15.22
A64: Albania | B64: ALB | C64: Europe & Central Asia | D64: Upper middle income | E64: 2015 | F64: 12.197 | G64: 7.367 | I64: 11386900000 | J64: 3952.83 | K64: 63.2529 | L64: 8.5 | M64: 78.025 | N64: 105.135 | O64: 17.08
A65: Albania | B65: ALB | C65: Europe & Central Asia | D65: Upper middle income | E65: 2014 | F65: 12.259 | G65: 7.219 | H65: 2309.37 | I65: 13228200000 | J65: 4578.67 | K65: 60.1 | L65: 8.9 | M65: 77.813 | N65: 105.442 | O65: 17.49
A66: Albania | B66: ALB | C66: Europe & Central Asia | D66: Upper middle income | E66: 2013 | F66: 12.257 | G66: 7.096 | H66: 2533.25 | I66: 12776300000 | J66: 4413.08 | K66: 57.2 | L66: 9.5 | M66: 77.554 | N66: 105.66 | O66: 15.866
A67: Albania | B67: ALB | C67: Europe & Central Asia | D67: Upper middle income | E67: 2012 | F67: 12.197 | G67: 6.996 | H67: 2118.33 | I67: 12319800000 | J67: 4247.61 | K67: 54.656 | L67: 10.2 | M67: 77.252 | N67: 105.854 | O67: 13.376
A68: Albania | B68: ALB | C68: Europe & Central Asia | D68: Upper middle income | E68: 2011 | F68: 12.1 | G68: 6.915 | H68: 2205.7 | I68: 12890900000 | J68: 4437.18 | K68: 49 | L68: 11 | M68: 76.914 | N68: 106.029 | O68: 13.481
A69: Albania | B69: ALB | C69: Europe & Central Asia | D69: Upper middle income | E69: 2010 | F69: 12.001 | G69: 6.841 | H69: 1943.34 | I69: 11927000000 | J69: 4094.36 | K69: 45 | L69: 11.9 | M69: 76.562 | N69: 106.315 | O69: 14.086
A70: Albania | B70: ALB | C70: Europe & Central Asia | D70: Upper middle income | E70: 2009 | F70: 11.945 | G70: 6.756 | H70: 1835.68 | I70: 12044200000 | J70: 4114.13 | K70: 41.2 | L70: 12.9 | M70: 76.221 | N70: 106.844 | O70: 13.674
A71: Albania | B71: ALB | C71: Europe & Central Asia | D71: Upper middle income | E71: 2008 | F71: 11.973 | G71: 6.65 | H71: 1617.74 | I71: 12881400000 | J71: 4370.54 | K71: 23.86 | L71: 13.9 | M71: 75.912 | N71: 107.566 | O71: 13.06
A72: Albania | B72: ALB | C72: Europe & Central Asia | D72: Upper middle income | E72: 2007 | F72: 12.118 | G72: 6.518 | H72: 1213.12 | I72: 10677300000 | J72: 3595.04 | K72: 15.0361 | L72: 14.9 | M72: 75.646 | N72: 108.395 | O72: 15.966
A73: Albania | B73: ALB | C73: Europe & Central Asia | D73: Upper middle income | E73: 2006 | F73: 12.398 | G73: 6.365 | H73: 1218.36 | I73: 8896070000 | J73: 2972.74 | K73: 9.60999 | L73: 16 | M73: 75.423 | N73: 109.217 | O73: 16.394
A74: Albania | B74: ALB | C74: Europe & Central Asia | D74: Upper middle income | E74: 2005 | F74: 12.821 | G74: 6.206 | H74: 1722.07 | I74: 8052080000 | J74: 2673.79 | K74: 6.04389 | L74: 17.1 | M74: 75.228 | N74: 109.908 | O74: 16.874
A75: Albania | B75: ALB | C75: Europe & Central Asia | D75: Upper middle income | E75: 2004 | F75: 13.381 | G75: 6.061 | H75: 1797.53 | I75: 7184680000 | J75: 2373.58 | K75: 2.42039 | L75: 18.3 | M75: 75.039 | N75: 110.472 | O75: 17.272
A76: Albania | B76: ALB | C76: Europe & Central Asia | D76: Upper middle income | E76: 2003 | F76: 14.048 | G76: 5.952 | H76: 1469.26 | I76: 5611490000 | J76: 1846.12 | K76: 0.9719 | L76: 19.4 | M76: 74.828 | N76: 110.935 | O76: 17.496
... A84: Albania | B84: ALB | C84: Europe & Central Asia | D84: Upper middle income | E84: 1995 | F84: 21.02 | G84: 6.25 | H84: 663.784 | I84: 2392760000 | J84: 750.604 | K84: 0.0111687 | L84: 29.1 | M84: 72.205 | N84: 116.342 | O84: 17.607
A85: Albania | B85: ALB | C85: Europe & Central Asia | D85: Upper middle income | E85: 1994 | F85: 21.902 | G85: 6.25 | H85: 596.408 | I85: 1880950000 | J85: 586.416 | L85: 30.2 | M85: 71.992 | N85: 117.063 | O85: 17.527
A86: Albania | B86: ALB | C86: Europe & Central Asia | D86: Upper middle income | E86: 1993 | F86: 22.742 | G86: 6.216 | H86: 536.364 | I86: 1185320000 | J86: 367.279 | L86: 31.4 | M86: 71.86 | N86: 117.784 | O86: 17.681
A87: Albania | B87: ALB | C87: Europe & Central Asia | D87: Upper middle income | E87: 1992 | F87: 23.529 | G87: 6.155 | H87: 453.644 | I87: 652175000 | J87: 200.852 | L87: 32.5 | M87: 71.802 | N87: 118.505 | O87: 17.653
A88: Albania | B88: ALB | C88: Europe & Central Asia | D88: Upper middle income | E88: 1991 | F88: 24.245 | G88: 6.073 | H88: 418.454 | I88: 1099560000 | J88: 336.587 | L88: 33.8 | M88: 71.803 | N88: 119.226 | O88: 16.781
A89: Albania | B89: ALB | C89: Europe & Central Asia | D89: Upper middle income | E89: 1990 | F89: 24.867 | G89: 5.985 | H89: 552.252 | I89: 2028553750 | J89: 617.23 | K89: 0 | L89: 35.2 | M89: 71.836 | N89: 119.947
A90: Albania | B90: ALB | C90: Europe & Central Asia | D90: Upper middle income | E90: 1989 | F90: 25.372 | G90: 5.908 | H90: 1021.39 | I90: 2253090000 | J90: 697.996 | L90: 36.9 | M90: 71.86 | N90: 117.808
A91: Albania | B91: ALB | C91: Europe & Central Asia | D91: Upper middle income | E91: 1988 | F91: 25.762 | G91: 5.855 | H91: 1005.94 | I91: 2051236249 | J91: 652.774 | L91: 38.8 | M91: 71.843 | N91: 114.684
A92: Albania | B92: ALB | C92: Europe & Central Asia | D92: Upper middle income | E92: 1987 | F92: 26.047 | G92: 5.836 | H92: 1161.95 | I92: 2080796249 | J92: 674.793 | L92: 41 | M92: 71.76 | N92: 112.54
A93: Albania | B93: ALB | C93: Europe & Central Asia | D93: Upper middle income | E93: 1986 | F93: 26.241 | G93: 5.855 | H93: 1420.61 | I93: 2097326250 | J93: 693.873 | L93: 43.4 | M93: 71.605 | N93: 110.315
A94: Albania | B94: ALB | C94: Europe & Central Asia | D94: Upper middle income | E94: 1985 | F94: 26.367 | G94: 5.907 | H94: 796.354 | I94: 1897050000 | J94: 639.866 | L94: 46.2 | M94: 71.388 | N94: 108.203
A95: Albania | B95: ALB | C95: Europe & Central Asia | D95: Upper middle income | E95: 1984 | F95: 26.452 | G95: 5.98 | H95: 1018.1 | I95: 1857340000 | J95: 639.485 | L95: 49.4 | M95: 71.134 | N95: 106.001
A96: Albania | B96: ALB | C96: Europe & Central Asia | D96: Upper middle income | E96: 1983 | F96: 26.528 | G96: 6.061 | H96: 1070.69 | L96: 52.8 | M96: 70.876 | N96: 103.794
A97: Albania | B97: ALB | C97: Europe & Central Asia | D97: Upper middle income | E97: 1982 | F97: 26.627 | G97: 6.14 | H97: 1096.87 | L97: 56.6 | M97: 70.635 | N97: 101.616
A98: Albania | B98: ALB | C98: Europe & Central Asia | D98: Upper middle income | E98: 1981 | F98: 26.772 | G98: 6.215 | H98: 1123.97 | L98: 61 | M98: 70.416 | N98: 99.4911
A99: Albania | B99: ALB | C99: Europe & Central Asia | D99: Upper middle income | E99: 1980 | F99: 26.981 | G99: 6.291 | H99: 1142.97 | L99: 65.6 | M99: 70.208 | N99: 97.5181
A100: Albania | B100: ALB | C100: Europe & Central Asia | D100: Upper middle income | E100: 1979 | F100: 27.262 | G100: 6.378 | H100: 1065.77 | L100: 70.5 | M100: 69.991 | N100: 95.5413
A101: Albania | B101: ALB | C101: Europe & Central Asia | D101: Upper middle income | E101: 1978 | F101: 27.606 | G101: 6.485 | H101: 1098.48 | L101: 75.9 | M101: 69.742 | N101: 93.6593
A102: Albania | B102: ALB | C102: Europe & Central Asia | D102: Upper middle income | E102: 1977 | F102: 28.004 | G102: 6.621 | H102: 1067.81 | M102: 69.448 | N102: 91.7353
A103: Albania | B103: ALB | C103: Europe & Central Asia | D103: Upper middle income | E103: 1976 | F103: 28.455 | G103: 6.784 | H103: 908.675 | M103: 69.11 | N103: 89.7272
A104: Albania | B104: ALB | C104: Europe & Central Asia | D104: Upper middle income | E104: 1975 | F104: 28.949 | G104: 6.971 | H104: 739.345 | M104: 68.736 | N104: 87.7676
A105: Albania | B105: ALB | C105: Europe & Central Asia | D105: Upper middle income | E105: 1974 | F105: 29.473 | G105: 7.173 | H105: 591.033 | M105: 68.343 | N105: 85.7709
A106: Albania | B106: ALB | C106: Europe & Central Asia | D106: Upper middle income | E106: 1973 | F106: 30.019 | G106: 7.382 | H106: 593.447 | M106: 67.953 | N106: 83.8231
A107: Albania | B107: ALB | C107: Europe & Central Asia | D107: Upper middle income | E107: 1972 | F107: 30.587 | G107: 7.591 | H107: 568.403 | M107: 67.582 | N107: 81.8659
A108: Albania | B108: ALB | C108: Europe & Central Asia | D108: Upper middle income | E108: 1971 | F108: 31.183 | G108: 7.798 | H108: 532.028 | M108: 67.237 | N108: 79.8486
A109: Albania | B109: ALB | C109: Europe & Central Asia | D109: Upper middle income | E109: 1970 | F109: 31.837 | G109: 7.996 | M109: 66.935 | N109: 77.9372
A110: Albania | B110: ALB | C110: Europe & Central Asia | D110: Upper middle income | E110: 1969 | F110: 32.59 | G110: 8.184 | M110: 66.689 | N110: 75.9743
A111: Albania | B111: ALB | C111: Europe & Central Asia | D111: Upper middle income | E111: 1968 | F111: 33.458 | G111: 8.366 | M111: 66.487 | N111: 73.8055
A112: Albania | B112: ALB | C112: Europe & Central Asia | D112: Upper middle income | E112: 1967 | F112: 34.435 | G112: 8.555 | M112: 66.304 | N112: 71.7372
A113: Albania | B113: ALB | C113: Europe & Central Asia | D113: Upper middle income | E113: 1966 | F113: 35.496 | G113: 8.762 | M113: 66.11 | N113: 69.8749
A114: Albania | B114: ALB | C114: Europe & Central Asia | D114: Upper middle income | E114: 1965 | F114: 36.599 | G114: 9.009 | M114: 65.85 | N114: 68.0581
A115: Albania | B115: ALB | C115: Europe & Central Asia | D115: Upper middle income | E115: 1964 | F115: 37.695 | G115: 9.32 | M115: 65.463 | N115: 66.2093
A116: Albania | B116: ALB | C116: Europe & Central Asia | D116: Upper middle income | E116: 1963 | F116: 38.723 | G116: 9.707 | M116: 64.914 | N116: 64.3292
A117: Albania | B117: ALB | C117: Europe & Central Asia | D117: Upper middle income | E117: 1962 | F117: 39.627 | G117: 10.175 | M117: 64.19 | N117: 62.4569
A118: Albania | B118: ALB | C118: Europe & Central Asia | D118: Upper middle income | E118: 1961 | F118: 40.368 | G118: 10.719 | M118: 63.301 | N118: 60.5766
...

Sheet KDI_Dashboard
A1: ="Key Development Indicators- "&Country&"("&Year&")" -> Key Development Indicators- Global(2001)
G4: Year | M4: Country
G5: 2001 | M5: Global
B8: Infant Mortality Rate over Years | F8: Life Expectancy over Years | L8: GDP per Capita Trend over Years | P8: Unemployment Rate over Years

Sheet Data Validation
I2: Global | J2: {=IFERROR(MEDIAN( IF( (World[Year]=Year)* (World[Infant mortality rate (per 1,000 live births)]<>0), World[Infant mortality rate (per 1,000 live births)])),"No Value")} -> 25.15 | K2: {=IFERROR(MEDIAN( IF( (World[Year]=Year)* (World[Life expectancy at birth (years)]<>0), World[Life expectancy at birth (years)])),"No data")} -> 70.7735 | L2: {=IFERROR(MEDIAN( IF( (World[Year]=Year)* (World[GDP per capita (USD)]<>0), World[GDP per capita (USD)])),"No Value")} -> 1925.54 | M2: {=IFERROR(MEDIAN( IF( (World[Year]=Year)* (World[Unemployment (% of total labor force) (modeled ILO estimate)]<>0), World[Unemployment (% of total labor force) (modeled ILO estimate)])),"No Value")} -> 7.2405 | N2: {=IFERROR(MEDIAN( IF( (World[Year]=Year-1)* (World[Infant mortality rate (per 1,000 live births)]<>0), World[Infant mortality rate (per 1,000 live births)])),"No Value")} -> 25.55 | O2: {=IFERROR(MEDIAN( IF( (World[Year]=Year-1)* (World[Life expectancy at birth (years)]<>0), World[Life expectancy at birth (years)])),"No Value")} -> 70.36585 | P2: {=IFERROR(MEDIAN( IF( (World[Year]=Year-1)* (World[GDP per capita (USD)]<>0), World[GDP per capita (USD)])),"No Value")} -> 2010 | Q2: {=IFERROR(MEDIAN( IF( (World[Year]=Year-1)* (World[Unemployment (% of total labor force) (modeled ILO estimate)]<>0), World[Unemployment (% of total labor force) (modeled ILO estimate)])),"No Value")} -> 6.9635 | R2: {=IFERROR(MEDIAN( IF( (World[Year]=Year-2)* (World[Infant mortality rate (per 1,000 live births)]<>0), World[Infant mortality rate (per 1,000 live births)])),"No Value")} -> 26.45 | S2: {=IFERROR(MEDIAN( IF( (World[Year]=Year-2)* (World[Life expectancy at birth (years)]<>0), World[Life expectancy at birth (years)])),"No Value")} -> 69.769 | T2: {=IFERROR(MEDIAN( IF( (World[Year]=Year-2)* (World[GDP per capita (USD)]<>0), World[GDP per capita (USD)])),"No Value")} -> 2141.46 | U2: {=IFERROR(MEDIAN( IF( (World[Year]=Year-2)* (World[Unemployment (% of total labor force) (modeled ILO estimate)]<>0), World[Unemployment (% of total labor force) (modeled ILO estimate)])),"No Value")} -> 7.5165
G3: {=_xlfn.UNIQUE(World[Year])} -> 2018 | I3: {=_xlfn.UNIQUE(World[Country Name])} -> Afghanistan | J3: {=IFERROR(MEDIAN( IF( (World[Country Name]=$I3)* (World[Year]=Year)* (World[Infant mortality rate (per 1,000 live births)]<>0), World[Infant mortality rate (per 1,000 live births)])),"No Value")} -> 88 | K3: {=IFERROR(MEDIAN( IF( (World[Country Name]=$I3)* (World[Year]=Year)* (World[Life expectancy at birth (years)]<>0), World[Life expectancy at birth (years)])),"No data")} -> 56.308 | L3: {=IFERROR(MEDIAN( IF( (World[Country Name]=$I3)* (World[Year]=Year)* (World[GDP per capita (USD)]<>0), World[GDP per capita (USD)])),"No Value")} -> No Value | M3: {=IFERROR(MEDIAN( IF( (World[Country Name]=$I3)* (World[Year]=Year)* (World[Unemployment (% of total labor force) (modeled ILO estimate)]<>0), World[Unemployment (% of total labor force) (modeled ILO estimate)])),"No Value")} -> 3.426 | N3: {=IFERROR(MEDIAN( IF( (World[Country Name]=$I3)* (World[Year]=Year-1)* (World[Infant mortality rate (per 1,000 live births)]<>0), World[Infant mortality rate (per 1,000 live births)])),"No Value")} -> 90.6 | O3: {=IFERROR(MEDIAN( IF( (World[Country Name]=$I3)* (World[Year]=Year-1)* (World[Life expectancy at birth (years)]<>0), World[Life expectancy at birth (years)])),"No Value")} -> 55.841 | P3: {=IFERROR(MEDIAN( IF( (World[Country Name]=$I3)* (World[Year]=Year-1)* (World[GDP per capita (USD)]<>0), World[GDP per capita (USD)])),"No Value")} -> No Value | Q3: {=IFERROR(MEDIAN( IF( (World[Country Name]=$I3)* (World[Year]=Year-1)* (World[Unemployment (% of total labor force) (modeled ILO estimate)]<>0), World[Unemployment (% of total labor force) (modeled ILO estimate)])),"No Value")} -> 3.517 | R3: {=IFERROR(MEDIAN( IF( (World[Country Name]=$I3)* (World[Year]=Year-2)* (World[Infant mortality rate (per 1,000 live births)]<>0), World[Infant mortality rate (per 1,000 live births)])),"No Value")} -> 93.1 | S3: {=IFERROR(MEDIAN( IF( (World[Country Name]=$I3)* (World[Year]=Year-2)* (World[Life expectancy at birth (years)]<>0), World[Life expectancy at birth (years)])),"No Value")} -> 55.376 | T3: {=IFERROR(MEDIAN( IF( (World[Country Name]=$I3)* (World[Year]=Year-2)* (World[GDP per capita (USD)]<>0), World[GDP per capita (USD)])),"No Value")} -> No Value | U3: {=IFERROR(MEDIAN( IF( (World[Country Name]=$I3)* (World[Year]=Year-2)* (World[Unemployment (% of total labor force) (modeled ILO estimate)]<>0), World[Unemployment (% of total labor force) (modeled ILO estimate)])),"No Value")} -> 3.606
G4: 2017 | I4: Albania | J4: {=IFERROR(MEDIAN( IF( (World[Country Name]=$I4)* (World[Year]=Year)* (World[Infant mortality rate (per 1,000 live births)]<>0), World[Infant mortality rate (per 1,000 live births)])),"No Value")} -> 21.8 | K4: {=IFERROR(MEDIAN( IF( (World[Country Name]=$I4)* (World[Year]=Year)* (World[Life expectancy at birth (years)]<>0), World[Life expectancy at birth (years)])),"No data")} -> 74.288 | L4: {=IFERROR(MEDIAN( IF( (World[Country Name]=$I4)* (World[Year]=Year)* (World[GDP per capita (USD)]<>0), World[GDP per capita (USD)])),"No Value")} -> 1281.66 | M4: {=IFERROR(MEDIAN( IF( (World[Country Name]=$I4)* (World[Year]=Year)* (World[Unemployment (% of total labor force) (modeled ILO estimate)]<>0), World[Unemployment (% of total labor force) (modeled ILO estimate)])),"No Value")} -> 17.411 | N4: {=IFERROR(MEDIAN( IF( (World[Country Name]=$I4)* (World[Year]=Year-1)* (World[Infant mortality rate (per 1,000 live births)]<>0), World[Infant mortality rate (per 1,000 live births)])),"No Value")} -> 23 | O4: {=IFERROR(MEDIAN( IF( (World[Country Name]=$I4)* (World[Year]=Year-1)* (World[Life expectancy at birth (years)]<>0), World[Life expectancy at birth (years)])),"No Value")} -> 73.955 | P4: {=IFERROR(MEDIAN( IF( (World[Country Name]=$I4)* (World[Year]=Year-1)* (World[GDP per capita (USD)]<>0), World[GDP per capita (USD)])),"No Value")} -> 1126.68 | Q4: {=IFERROR(MEDIAN( IF( (World[Country Name]=$I4)* (World[Year]=Year-1)* (World[Unemployment (% of total labor force) (modeled ILO estimate)]<>0), World[Unemployment (% of total labor force) (modeled ILO estimate)])),"No Value")} -> 17.767 | R4: {=IFERROR(MEDIAN( IF( (World[Country Name]=$I4)* (World[Year]=Year-2)* (World[Infant mortality rate (per 1,000 live births)]<>0), World[Infant mortality rate (per 1,000 live births)])),"No Value")} -> 24.2 | S4: {=IFERROR(MEDIAN( IF( (World[Country Name]=$I4)* (World[Year]=Year-2)* (World[Life expectancy at birth (years)]<>0), World[Life expectancy at birth (years)])),"No Value")} -> 73.587 | T4: {=IFERROR(MEDIAN( IF( (World[Country Name]=$I4)* (World[Year]=Year-2)* (World[GDP per capita (USD)]<>0), World[GDP per capita (USD)])),"No Value")} -> 1033.24 | U4: {=IFERROR(MEDIAN( IF( (World[Country Name]=$I4)* (World[Year]=Year-2)* (World[Unemployment (% of total labor force) (modeled ILO estimate)]<>0), World[Unemployment (% of total labor force) (modeled ILO estimate)])),"No Value")} -> 18.569
G5: 2016 | I5: Algeria | J5: {=IFERROR(MEDIAN( IF( (World[Country Name]=$I5)* (World[Year]=Year)* (World[Infant mortality rate (per 1,000 live births)]<>0), World[Infant mortality rate (per 1,000 live births)])),"No Value")} -> 33.3 | K5: {=IFERROR(MEDIAN( IF( (World[Country Name]=$I5)* (World[Year]=Year)* (World[Life expectancy at birth (years)]<>0), World[Life expectancy at birth (years)])),"No data")} -> 71.116 | L5: {=IFERROR(MEDIAN( IF( (World[Country Name]=$I5)* (World[Year]=Year)* (World[GDP per capita (USD)]<>0), World[GDP per capita (USD)])),"No Value")} -> 1740.61 | M5: {=IFERROR(MEDIAN( IF( (World[Country Name]=$I5)* (World[Year]=Year)* (World[Unemployment (% of total labor force) (modeled ILO estimate)]<>0), World[Unemployment (% of total labor force) (modeled ILO estimate)])),"No Value")} -> 27.3 | N5: {=IFERROR(MEDIAN( IF( (World[Country Name]=$I5)* (World[Year]=Year-1)* (World[Infant mortality rate (per 1,000 live births)]<>0), World[Infant mortality rate (per 1,000 live births)])),"No Value")} -> 33.9 | O5: {=IFERROR(MEDIAN( IF( (World[Country Name]=$I5)* (World[Year]=Year-1)* (World[Life expectancy at birth (years)]<>0), World[Life expectancy at birth (years)])),"No Value")} -> 70.64 | P5: {=IFERROR(MEDIAN( IF( (World[Country Name]=$I5)* (World[Year]=Year-1)* (World[GDP per capita (USD)]<>0), World[GDP per capita (USD)])),"No Value")} -> 1765.02 | Q5: {=IFERROR(MEDIAN( IF( (World[Country Name]=$I5)* (World[Year]=Year-1)* (World[Unemployment (% of total labor force) (modeled ILO estimate)]<>0), World[Unemployment (% of total labor force) (modeled ILO estimate)])),"No Value")} -> 29.77 | R5: {=IFERROR(MEDIAN( IF( (World[Country Name]=$I5)* (World[Year]=Year-2)* (World[Infant mortality rate (per 1,000 live births)]<>0), World[Infant mortality rate (per 1,000 live births)])),"No Value")} -> 34.4 | S5: {=IFERROR(MEDIAN( IF( (World[Country Name]=$I5)* (World[Year]=Year-2)* (World[Life expectancy at birth (years)]<>0), World[Life expectancy at birth (years)])),"No Value")} -> 70.183 | T5: {=IFERROR(MEDIAN( IF( (World[Country Name]=$I5)* (World[Year]=Year-2)* (World[GDP per capita (USD)]<>0), World[GDP per capita (USD)])),"No Value")} -> 1588.35 | U5: {=IFERROR(MEDIAN( IF( (World[Country Name]=$I5)* (World[Year]=Year-2)* (World[Unemployment (% of total labor force) (modeled ILO estimate)]<>0), World[Unemployment (% of total labor force) (modeled ILO estimate)])),"No Value")} -> 28.448
G6: 2015 | I6: American Samoa | J6: {=IFERROR(MEDIAN( IF( (World[Country Name]=$I6)* (World[Year]=Year)* (World[Infant mortality rate (per 1,000 live births)]<>0), World[Infant mortality rate (per 1,000 live births)])),"No Value")} -> No Value | K6: {=IFERROR(MEDIAN( IF( (World[Country Name]=$I6)* (World[Year]=Year)* (World[Life expectancy at birth (years)]<>0), World[Life expectancy at birth (years)])),"No data")} -> No data | L6: {=IFERROR(MEDIAN( IF( (World[Country Name]=$I6)* (World[Year]=Year)* (World[GDP per capita (USD)]<>0), World[GDP per capita (USD)])),"No Value")} -> No Value | M6: {=IFERROR(MEDIAN( IF( (World[Country Name]=$I6)* (World[Year]=Year)* (World[Unemployment (% of total labor force) (modeled ILO estimate)]<>0), World[Unemployment (% of total labor force) (modeled ILO estimate)])),"No Value")} -> No Value | N6: {=IFERROR(MEDIAN( IF( (World[Country Name]=$I6)* (World[Year]=Year-1)* (World[Infant mortality rate (per 1,000 live births)]<>0), World[Infant mortality rate (per 1,000 live births)])),"No Value")} -> No Value | O6: {=IFERROR(MEDIAN( IF( (World[Country Name]=$I6)* (World[Year]=Year-1)* (World[Life expectancy at birth (years)]<>0), World[Life expectancy at birth (years)])),"No Value")} -> No Value | P6: {=IFERROR(MEDIAN( IF( (World[Country Name]=$I6)* (World[Year]=Year-1)* (World[GDP per capita (USD)]<>0), World[GDP per capita (USD)])),"No Value")} -> No Value | Q6: {=IFERROR(MEDIAN( IF( (World[Country Name]=$I6)* (World[Year]=Year-1)* (World[Unemployment (% of total labor force) (modeled ILO estimate)]<>0), World[Unemployment (% of total labor force) (modeled ILO estimate)])),"No Value")} -> No Value | R6: {=IFERROR(MEDIAN( IF( (World[Country Name]=$I6)* (World[Year]=Year-2)* (World[Infant mortality rate (per 1,000 live births)]<>0), World[Infant mortality rate (per 1,000 live births)])),"No Value")} -> No Value | S6: {=IFERROR(MEDIAN( IF( (World[Country Name]=$I6)* (World[Year]=Year-2)* (World[Life expectancy at birth (years)]<>0), World[Life expectancy at birth (years)])),"No Value")} -> No Value | T6: {=IFERROR(MEDIAN( IF( (World[Country Name]=$I6)* (World[Year]=Year-2)* (World[GDP per capita (USD)]<>0), World[GDP per capita (USD)])),"No Value")} -> No Value | U6: {=IFERROR(MEDIAN( IF( (World[Country Name]=$I6)* (World[Year]=Year-2)* (World[Unemployment (% of total labor force) (modeled ILO estimate)]<>0), World[Unemployment (% of total labor force) (modeled ILO estimate)])),"No Value")} -> No Value
G7: 2014 | I7: Andorra | J7: {=IFERROR(MEDIAN( IF( (World[Country Name]=$I7)* (World[Year]=Year)* (World[Infant mortality rate (per 1,000 live births)]<>0), World[Infant mortality rate (per 1,000 live births)])),"No Value")} -> 5.7 | K7: {=IFERROR(MEDIAN( IF( (World[Country Name]=$I7)* (World[Year]=Year)* (World[Life expectancy at birth (years)]<>0), World[Life expectancy at birth (years)])),"No data")} -> No data | L7: {=IFERROR(MEDIAN( IF( (World[Country Name]=$I7)* (World[Year]=Year)* (World[GDP per capita (USD)]<>0), World[GDP per capita (USD)])),"No Value")} -> 22228.8 | M7: {=IFERROR(MEDIAN( IF( (World[Country Name]=$I7)* (World[Year]=Year)* (World[Unemployment (% of total labor force) (modeled ILO estimate)]<>0), World[Unemployment (% of total labor force) (modeled ILO estimate)])),"No Value")} -> No Value | N7: {=IFERROR(MEDIAN( IF( (World[Country Name]=$I7)* (World[Year]=Year-1)* (World[Infant mortality rate (per 1,000 live births)]<>0), World[Infant mortality rate (per 1,000 live births)])),"No Value")} -> 5.9 | O7: {=IFERROR(MEDIAN( IF( (World[Country Name]=$I7)* (World[Year]=Year-1)* (World[Life expectancy at birth (years)]<>0), World[Life expectancy at birth (years)])),"No Value")} -> No Value | P7: {=IFERROR(MEDIAN( IF( (World[Country Name]=$I7)* (World[Year]=Year-1)* (World[GDP per capita (USD)]<>0), World[GDP per capita (USD)])),"No Value")} -> 21936.5 | Q7: {=IFERROR(MEDIAN( IF( (World[Country Name]=$I7)* (World[Year]=Year-1)* (World[Unemployment (% of total labor force) (modeled ILO estimate)]<>0), World[Unemployment (% of total labor force) (modeled ILO estimate)])),"No Value")} -> No Value | R7: {=IFERROR(MEDIAN( IF( (World[Country Name]=$I7)* (World[Year]=Year-2)* (World[Infant mortality rate (per 1,000 live births)]<>0), World[Infant mortality rate (per 1,000 live births)])),"No Value")} -> 6.2 | S7: {=IFERROR(MEDIAN( IF( (World[Country Name]=$I7)* (World[Year]=Year-2)* (World[Life expectancy at birth (years)]<>0), World[Life expectancy at birth (years)])),"No Value")} -> No Value | T7: {=IFERROR(MEDIAN( IF( (World[Country Name]=$I7)* (World[Year]=Year-2)* (World[GDP per capita (USD)]<>0), World[GDP per capita (USD)])),"No Value")} -> 19261.7 | U7: {=IFERROR(MEDIAN( IF( (World[Country Name]=$I7)* (World[Year]=Year-2)* (World[Unemployment (% of total labor force) (modeled ILO estimate)]<>0), World[Unemployment (% of total labor force) (modeled ILO estimate)])),"No Value")} -> No Value
G8: 2013 | I8: Angola | J8: {=IFERROR(MEDIAN( IF( (World[Country Name]=$I8)* (World[Year]=Year)* (World[Infant mortality rate (per 1,000 live births)]<>0), World[Infant mortality rate (per 1,000 live births)])),"No Value")} -> 118.9 | K8: {=IFERROR(MEDIAN( IF( (World[Country Name]=$I8)* (World[Year]=Year)* (World[Life expectancy at birth (years)]<>0), World[Life expectancy at birth (years)])),"No data")} -> 47.059 | L8: {=IFERROR(MEDIAN( IF( (World[Country Name]=$I8)* (World[Year]=Year)* (World[GDP per capita (USD)]<>0), World[GDP per capita (USD)])),"No Value")} -> 527.334 | M8: {=IFERROR(MEDIAN( IF( (World[Country Name]=$I8)* (World[Year]=Year)* (World[Unemployment (% of total labor force) (modeled ILO estimate)]<>0), World[Unemployment (% of total labor force) (modeled ILO estimate)])),"No Value")} -> 23.115 | N8: {=IFERROR(MEDIAN( IF( (World[Country Name]=$I8)* (World[Year]=Year-1)* (World[Infant mortality rate (per 1,000 live births)]<>0), World[Infant mortality rate (per 1,000 live births)])),"No Value")} -> 122.2 | O8: {=IFERROR(MEDIAN( IF( (World[Country Name]=$I8)* (World[Year]=Year-1)* (World[Life expectancy at birth (years)]<>0), World[Life expectancy at birth (years)])),"No Value")} -> 46.522 | P8: {=IFERROR(MEDIAN( IF( (World[Country Name]=$I8)* (World[Year]=Year-1)* (World[GDP per capita (USD)]<>0), World[GDP per capita (USD)])),"No Value")} -> 556.836 | Q8: {=IFERROR(MEDIAN( IF( (World[Country Name]=$I8)* (World[Year]=Year-1)* (World[Unemployment (% of total labor force) (modeled ILO estimate)]<>0), World[Unemployment (% of total labor force) (modeled ILO estimate)])),"No Value")} -> 22.885 | R8: {=IFERROR(MEDIAN( IF( (World[Country Name]=$I8)* (World[Year]=Year-2)* (World[Infant mortality rate (per 1,000 live births)]<>0), World[Infant mortality rate (per 1,000 live births)])),"No Value")} -> 125.1 | S8: {=IFERROR(MEDIAN( IF( (World[Country Name]=$I8)* (World[Year]=Year-2)* (World[Life expectancy at birth (years)]<>0), World[Life expectancy at birth (years)])),"No Value")} -> 46.093 | T8: {=IFERROR(MEDIAN( IF( (World[Country Name]=$I8)* (World[Year]=Year-2)* (World[GDP per capita (USD)]<>0), World[GDP per capita (USD)])),"No Value")} -> 387.784 | U8: {=IFERROR(MEDIAN( IF( (World[Country Name]=$I8)* (World[Year]=Year-2)* (World[Unemployment (% of total labor force) (modeled ILO estimate)]<>0), World[Unemployment (% of total labor force) (modeled ILO estimate)])),"No Value")} -> 20.897
G9: 2012 | I9: Antigua and Barbuda | J9: {=IFERROR(MEDIAN( IF( (World[Country Name]=$I9)* (World[Year]=Year)* (World[Infant mortality rate (per 1,000 live births)]<>0), World[Infant mortality rate (per 1,000 live births)])),"No Value")} -> 12.5 | K9: {=IFERROR(MEDIAN( IF( (World[Country Name]=$I9)* (World[Year]=Year)* (World[Life expectancy at birth (years)]<>0), World[Life expectancy at birth (years)])),"No data")} -> 74.171 | L9: {=IFERROR(MEDIAN( IF( (World[Country Name]=$I9)* (World[Year]=Year)* (World[GDP per capita (USD)]<>0), World[GDP per capita (USD)])),"No Value")} -> 10370.7 | M9: {=IFERROR(MEDIAN( IF( (World[Country Name]=$I9)* (World[Year]=Year)* (World[Unemployment (% of total labor force) (modeled ILO estimate)]<>0), World[Unemployment (% of total labor force) (modeled ILO estimate)])),"No Value")} -> No Value | N9: {=IFERROR(MEDIAN( IF( (World[Country Name]=$I9)* (World[Year]=Year-1)* (World[Infant mortality rate (per 1,000 live births)]<>0), World[Infant mortality rate (per 1,000 live births)])),"No Value")} -> 13.1 | O9: {=IFERROR(MEDIAN( IF( (World[Country Name]=$I9)* (World[Year]=Year-1)* (World[Life expectancy at birth (years)]<>0), World[Life expectancy at birth (years)])),"No Value")} -> 73.94 | P9: {=IFERROR(MEDIAN( IF( (World[Country Name]=$I9)* (World[Year]=Year-1)* (World[GDP per capita (USD)]<>0), World[GDP per capita (USD)])),"No Value")} -> 10920.8 | Q9: {=IFERROR(MEDIAN( IF( (World[Country Name]=$I9)* (World[Year]=Year-1)* (World[Unemployment (% of total labor force) (modeled ILO estimate)]<>0), World[Unemployment (% of total labor force) (modeled ILO estimate)])),"No Value")} -> No Value | R9: {=IFERROR(MEDIAN( IF( (World[Country Name]=$I9)* (World[Year]=Year-2)* (World[Infant mortality rate (per 1,000 live births)]<>0), World[Infant mortality rate (per 1,000 live births)])),"No Value")} -> 13.9 | S9: {=IFERROR(MEDIAN( IF( (World[Country Name]=$I9)* (World[Year]=Year-2)* (World[Life expectancy at birth (years)]<>0), World[Life expectancy at birth (years)])),"No Value")} -> 73.705 | T9: {=IFERROR(MEDIAN( IF( (World[Country Name]=$I9)* (World[Year]=Year-2)* (World[GDP per capita (USD)]<>0), World[GDP per capita (USD)])),"No Value")} -> 10260.6 | U9: {=IFERROR(MEDIAN( IF( (World[Country Name]=$I9)* (World[Year]=Year-2)* (World[Unemployment (% of total labor force) (modeled ILO estimate)]<>0), World[Unemployment (% of total labor force) (modeled ILO estimate)])),"No Value")} -> No Value
G10: 2011 | I10: Argentina | J10: {=IFERROR(MEDIAN( IF( (World[Country Name]=$I10)* (World[Year]=Year)* (World[Infant mortality rate (per 1,000 live births)]<>0), World[Infant mortality rate (per 1,000 live births)])),"No Value")} -> 16.9 | K10: {=IFERROR(MEDIAN( IF( (World[Country Name]=$I10)* (World[Year]=Year)* (World[Life expectancy at birth (years)]<>0), World[Life expectancy at birth (years)])),"No data")} -> 73.755 | L10: {=IFERROR(MEDIAN( IF( (World[Country Name]=$I10)* (World[Year]=Year)* (World[GDP per capita (USD)]<>0), World[GDP per capita (USD)])),"No Value")} -> 7208.37 | M10: {=IFERROR(MEDIAN( IF( (World[Country Name]=$I10)* (World[Year]=Year)* (World[Unemployment (% of total labor force) (modeled ILO estimate)]<>0), World[Unemployment (% of total labor force) (modeled ILO estimate)])),"No Value")} -> 17.32 | N10: {=IFERROR(MEDIAN( IF( (World[Country Name]=$I10)* (World[Year]=Year-1)* (World[Infant mortality rate (per 1,000 live births)]<>0), World[Infant mortality rate (per 1,000 live births)])),"No Value")} -> 17.5 | O10: {=IFERROR(MEDIAN( IF( (World[Country Name]=$I10)* (World[Year]=Year-1)* (World[Life expectancy at birth (years)]<>0), World[Life expectancy at birth (years)])),"No Value")} -> 73.576 | P10: {=IFERROR(MEDIAN( IF( (World[Country Name]=$I10)* (World[Year]=Year-1)* (World[GDP per capita (USD)]<>0), World[GDP per capita (USD)])),"No Value")} -> 7708.1 | Q10: {=IFERROR(MEDIAN( IF( (World[Country Name]=$I10)* (World[Year]=Year-1)* (World[Unemployment (% of total labor force) (modeled ILO estimate)]<>0), World[Unemployment (% of total labor force) (modeled ILO estimate)])),"No Value")} -> 15 | R10: {=IFERROR(MEDIAN( IF( (World[Country Name]=$I10)* (World[Year]=Year-2)* (World[Infant mortality rate (per 1,000 live births)]<>0), World[Infant mortality rate (per 1,000 live births)])),"No Value")} -> 18.2 | S10: {=IFERROR(MEDIAN( IF( (World[Country Name]=$I10)* (World[Year]=Year-2)* (World[Life expectancy at birth (years)]<>0), World[Life expectancy at birth (years)])),"No Value")} -> 73.396 | T10: {=IFERROR(MEDIAN( IF( (World[Country Name]=$I10)* (World[Year]=Year-2)* (World[GDP per capita (USD)]<>0), World[GDP per capita (USD)])),"No Value")} -> 7774.74 | U10: {=IFERROR(MEDIAN( IF( (World[Country Name]=$I10)* (World[Year]=Year-2)* (World[Unemployment (% of total labor force) (modeled ILO estimate)]<>0), World[Unemployment (% of total labor force) (modeled ILO estimate)])),"No Value")} -> 14.05
G11: 2010 | I11: Armenia | J11: {=IFERROR(MEDIAN( IF( (World[Country Name]=$I11)* (World[Year]=Year)* (World[Infant mortality rate (per 1,000 live births)]<>0), World[Infant mortality rate (per 1,000 live births)])),"No Value")} -> 25.8 | K11: {=IFERROR(MEDIAN( IF( (World[Country Name]=$I11)* (World[Year]=Year)* (World[Life expectancy at birth (years)]<>0), World[Life expectancy at birth (years)])),"No data")} -> 71.8 | L11: {=IFERROR(MEDIAN( IF( (World[Country Name]=$I11)* (World[Year]=Year)* (World[GDP per capita (USD)]<>0), World[GDP per capita (USD)])),"No Value")} -> 694.423 | M11: {=IFERROR(MEDIAN( IF( (World[Country Name]=$I11)* (World[Year]=Year)* (World[Unemployment (% of total labor force) (modeled ILO estimate)]<>0), World[Unemployment (% of total labor force) (modeled ILO estimate)])),"No Value")} -> 11.439 | N11: {=IFERROR(MEDIAN( IF( (World[Country Name]=$I11)* (World[Year]=Year-1)* (World[Infant mortality rate (per 1,000 live births)]<>0), World[Infant mortality rate (per 1,000 live births)])),"No Value")} -> 27.1 | O11: {=IFERROR(MEDIAN( IF( (World[Country Name]=$I11)* (World[Year]=Year-1)* (World[Life expectancy at birth (years)]<>0), World[Life expectancy at birth (years)])),"No Value")} -> 71.409 | P11: {=IFERROR(MEDIAN( IF( (World[Country Name]=$I11)* (World[Year]=Year-1)* (World[GDP per capita (USD)]<>0), World[GDP per capita (USD)])),"No Value")} -> 622.742 | Q11: {=IFERROR(MEDIAN( IF( (World[Country Name]=$I11)* (World[Year]=Year-1)* (World[Unemployment (% of total labor force) (modeled ILO estimate)]<>0), World[Unemployment (% of total labor force) (modeled ILO estimate)])),"No Value")} -> 11.253 | R11: {=IFERROR(MEDIAN( IF( (World[Country Name]=$I11)* (World[Year]=Year-2)* (World[Infant mortality rate (per 1,000 live births)]<>0), World[Infant mortality rate (per 1,000 live births)])),"No Value")} -> 28.4 | S11: {=IFERROR(MEDIAN( IF( (World[Country Name]=$I11)* (World[Year]=Year-2)* (World[Life expectancy at birth (years)]<>0), World[Life expectancy at birth (years)])),"No Value")} -> 70.944 | T11: {=IFERROR(MEDIAN( IF( (World[Country Name]=$I11)* (World[Year]=Year-2)* (World[GDP per capita (USD)]<>0), World[GDP per capita (USD)])),"No Value")} -> 597.433 | U11: {=IFERROR(MEDIAN( IF( (World[Country Name]=$I11)* (World[Year]=Year-2)* (World[Unemployment (% of total labor force) (modeled ILO estimate)]<>0), World[Unemployment (% of total labor force) (modeled ILO estimate)])),"No Value")} -> 11.2
G12: 2009 | I12: Aruba | J12: {=IFERROR(MEDIAN( IF( (World[Country Name]=$I12)* (World[Year]=Year)* (World[Infant mortality rate (per 1,000 live births)]<>0), World[Infant mortality rate (per 1,000 live births)])),"No Value")} -> No Value | K12: {=IFERROR(MEDIAN( IF( (World[Country Name]=$I12)* (World[Year]=Year)* (World[Life expectancy at birth (years)]<>0), World[Life expectancy at birth (years)])),"No data")} -> 73.853 | L12: {=IFERROR(MEDIAN( IF( (World[Country Name]=$I12)* (World[Year]=Year)* (World[GDP per capita (USD)]<>0), World[GDP per capita (USD)])),"No Value")} -> 20669 | M12: {=IFERROR(MEDIAN( IF( (World[Country Name]=$I12)* (World[Year]=Year)* (World[Unemployment (% of total labor force) (modeled ILO estimate)]<>0), World[Unemployment (% of total labor force) (modeled ILO estimate)])),"No Value")} -> No Value | N12: {=IFERROR(MEDIAN( IF( (World[Country Name]=$I12)* (World[Year]=Year-1)* (World[Infant mortality rate (per 1,000 live births)]<>0), World[Infant mortality rate (per 1,000 live births)])),"No Value")} -> No Value | O12: {=IFERROR(MEDIAN( IF( (World[Country Name]=$I12)* (World[Year]=Year-1)* (World[Life expectancy at birth (years)]<>0), World[Life expectancy at birth (years)])),"No Value")} -> 73.787 | P12: {=IFERROR(MEDIAN( IF( (World[Country Name]=$I12)* (World[Year]=Year-1)* (World[GDP per capita (USD)]<>0), World[GDP per capita (USD)])),"No Value")} -> 20620.7 | Q12: {=IFERROR(MEDIAN( IF( (World[Country Name]=$I12)* (World[Year]=Year-1)* (World[Unemployment (% of total labor force) (modeled ILO estimate)]<>0), World[Unemployment (% of total labor force) (modeled ILO estimate)])),"No Value")} -> No Value | R12: {=IFERROR(MEDIAN( IF( (World[Country Name]=$I12)* (World[Year]=Year-2)* (World[Infant mortality rate (per 1,000 live births)]<>0), World[Infant mortality rate (per 1,000 live births)])),"No Value")} -> No Value | S12: {=IFERROR(MEDIAN( IF( (World[Country Name]=$I12)* (World[Year]=Year-2)* (World[Life expectancy at birth (years)]<>0), World[Life expectancy at birth (years)])),"No Value")} -> 73.738 | T12: {=IFERROR(MEDIAN( IF( (World[Country Name]=$I12)* (World[Year]=Year-2)* (World[GDP per capita (USD)]<>0), World[GDP per capita (USD)])),"No Value")} -> 19356.2 | U12: {=IFERROR(MEDIAN( IF( (World[Country Name]=$I12)* (World[Year]=Year-2)* (World[Unemployment (% of total labor force) (modeled ILO estimate)]<>0), World[Unemployment (% of total labor force) (modeled ILO estimate)])),"No Value")} -> No Value
A13: =Year-2 -> 1999 | B13: =_xlfn.XLOOKUP(Country,I2:I213,'Data Validation'!R2:R213) -> 26.45 | C13: =_xlfn.XLOOKUP(Country,I2:I213,'Data Validation'!S2:S213) -> 69.769 | D13: =_xlfn.XLOOKUP(Country,I2:I213,'Data Validation'!T2:T213) -> 2141.46 | E13: =_xlfn.XLOOKUP(Country,I2:I213,'Data Validation'!U2:U213)/100 -> 0.075165 | G13: 2008 | I13: Australia | J13: {=IFERROR(MEDIAN( IF( (World[Country Name]=$I13)* (World[Year]=Year)* (World[Infant mortality rate (per 1,000 live births)]<>0), World[Infant mortality rate (per 1,000 live births)])),"No Value")} -> 5 | K13: {=IFERROR(MEDIAN( IF( (World[Country Name]=$I13)* (World[Year]=Year)* (World[Life expectancy at birth (years)]<>0), World[Life expectancy at birth (years)])),"No data")} -> 79.6341 | L13: {=IFERROR(MEDIAN( IF( (World[Country Name]=$I13)* (World[Year]=Year)* (World[GDP per capita (USD)]<>0), World[GDP per capita (USD)])),"No Value")} -> 19490.9 | M13: {=IFERROR(MEDIAN( IF( (World[Country Name]=$I13)* (World[Year]=Year)* (World[Unemployment (% of total labor force) (modeled ILO estimate)]<>0), World[Unemployment (% of total labor force) (modeled ILO estimate)])),"No Value")} -> 6.742 | N13: {=IFERROR(MEDIAN( IF( (World[Country Name]=$I13)* (World[Year]=Year-1)* (World[Infant mortality rate (per 1,000 live births)]<>0), World[Infant mortality rate (per 1,000 live births)])),"No Value")} -> 5.1 | O13: {=IFERROR(MEDIAN( IF( (World[Country Name]=$I13)* (World[Year]=Year-1)* (World[Life expectancy at birth (years)]<>0), World[Life expectancy at birth (years)])),"No Value")} -> 79.2341 | P13: {=IFERROR(MEDIAN( IF( (World[Country Name]=$I13)* (World[Year]=Year-1)* (World[GDP per capita (USD)]<>0), World[GDP per capita (USD)])),"No Value")} -> 21679.2 | Q13: {=IFERROR(MEDIAN( IF( (World[Country Name]=$I13)* (World[Year]=Year-1)* (World[Unemployment (% of total labor force) (modeled ILO estimate)]<>0), World[Unemployment (% of total labor force) (modeled ILO estimate)])),"No Value")} -> 6.283 | R13: {=IFERROR(MEDIAN( IF( (World[Country Name]=$I13)* (World[Year]=Year-2)* (World[Infant mortality rate (per 1,000 live births)]<>0), World[Infant mortality rate (per 1,000 live births)])),"No Value")} -> 5.2 | S13: {=IFERROR(MEDIAN( IF( (World[Country Name]=$I13)* (World[Year]=Year-2)* (World[Life expectancy at birth (years)]<>0), World[Life expectancy at birth (years)])),"No Value")} -> 78.9317 | T13: {=IFERROR(MEDIAN( IF( (World[Country Name]=$I13)* (World[Year]=Year-2)* (World[GDP per capita (USD)]<>0), World[GDP per capita (USD)])),"No Value")} -> 20533 | U13: {=IFERROR(MEDIAN( IF( (World[Country Name]=$I13)* (World[Year]=Year-2)* (World[Unemployment (% of total labor force) (modeled ILO estimate)]<>0), World[Unemployment (% of total labor force) (modeled ILO estimate)])),"No Value")} -> 6.872
A14: =Year-1 -> 2000 | B14: =_xlfn.XLOOKUP(Country,I2:I213,'Data Validation'!N2:N213) -> 25.55 | C14: =_xlfn.XLOOKUP(Country,I2:I213,'Data Validation'!O2:O213) -> 70.36585 | D14: =_xlfn.XLOOKUP(Country,I2:I213,'Data Validation'!P2:P213) -> 2010 | E14: =_xlfn.XLOOKUP(Country,I2:I213,'Data Validation'!Q2:Q213)/100 -> 0.069635 | G14: 2007 | I14: Austria | J14: {=IFERROR(MEDIAN( IF( (World[Country Name]=$I14)* (World[Year]=Year)* (World[Infant mortality rate (per 1,000 live births)]<>0), World[Infant mortality rate (per 1,000 live births)])),"No Value")} -> 4.5 | K14: {=IFERROR(MEDIAN( IF( (World[Country Name]=$I14)* (World[Year]=Year)* (World[Life expectancy at birth (years)]<>0), World[Life expectancy at birth (years)])),"No data")} -> 78.5756 | L14: {=IFERROR(MEDIAN( IF( (World[Country Name]=$I14)* (World[Year]=Year)* (World[GDP per capita (USD)]<>0), World[GDP per capita (USD)])),"No Value")} -> 24537.5 | M14: {=IFERROR(MEDIAN( IF( (World[Country Name]=$I14)* (World[Year]=Year)* (World[Unemployment (% of total labor force) (modeled ILO estimate)]<>0), World[Unemployment (% of total labor force) (modeled ILO estimate)])),"No Value")} -> 4.007 | N14: {=IFERROR(MEDIAN( IF( (World[Country Name]=$I14)* (World[Year]=Year-1)* (World[Infant mortality rate (per 1,000 live births)]<>0), World[Infant mortality rate (per 1,000 live births)])),"No Value")} -> 4.6 | O14: {=IFERROR(MEDIAN( IF( (World[Country Name]=$I14)* (World[Year]=Year-1)* (World[Life expectancy at birth (years)]<>0), World[Life expectancy at birth (years)])),"No Value")} -> 78.1268 | P14: {=IFERROR(MEDIAN( IF( (World[Country Name]=$I14)* (World[Year]=Year-1)* (World[GDP per capita (USD)]<>0), World[GDP per capita (USD)])),"No Value")} -> 24564.5 | Q14: {=IFERROR(MEDIAN( IF( (World[Country Name]=$I14)* (World[Year]=Year-1)* (World[Unemployment (% of total labor force) (modeled ILO estimate)]<>0), World[Unemployment (% of total labor force) (modeled ILO estimate)])),"No Value")} -> 4.687 | R14: {=IFERROR(MEDIAN( IF( (World[Country Name]=$I14)* (World[Year]=Year-2)* (World[Infant mortality rate (per 1,000 live births)]<>0), World[Infant mortality rate (per 1,000 live births)])),"No Value")} -> 4.7 | S14: {=IFERROR(MEDIAN( IF( (World[Country Name]=$I14)* (World[Year]=Year-2)* (World[Life expectancy at birth (years)]<>0), World[Life expectancy at birth (years)])),"No Value")} -> 77.8756 | T14: {=IFERROR(MEDIAN( IF( (World[Country Name]=$I14)* (World[Year]=Year-2)* (World[GDP per capita (USD)]<>0), World[GDP per capita (USD)])),"No Value")} -> 27174.3 | U14: {=IFERROR(MEDIAN( IF( (World[Country Name]=$I14)* (World[Year]=Year-2)* (World[Unemployment (% of total labor force) (modeled ILO estimate)]<>0), World[Unemployment (% of total labor force) (modeled ILO estimate)])),"No Value")} -> 4.698
A15: =Year -> 2001 | B15: =_xlfn.XLOOKUP(Country,I2:I213,'Data Validation'!J2:J213) -> 25.15 | C15: =_xlfn.XLOOKUP(Country,I2:I213,'Data Validation'!K2:K213) -> 70.7735 | D15: =_xlfn.XLOOKUP(Country,I2:I213,'Data Validation'!L2:L213) -> 1925.54 | E15: =IFERROR(_xlfn.XLOOKUP(Country,I2:I213,'Data Validation'!M2:M213)/100,"No data") -> 0.072405 | G15: 2006 | I15: Azerbaijan | J15: {=IFERROR(MEDIAN( IF( (World[Country Name]=$I15)* (World[Year]=Year)* (World[Infant mortality rate (per 1,000 live births)]<>0), World[Infant mortality rate (per 1,000 live births)])),"No Value")} -> 57.5 | K15: {=IFERROR(MEDIAN( IF( (World[Country Name]=$I15)* (World[Year]=Year)* (World[Life expectancy at birth (years)]<>0), World[Life expectancy at birth (years)])),"No data")} -> 67.054 | L15: {=IFERROR(MEDIAN( IF( (World[Country Name]=$I15)* (World[Year]=Year)* (World[GDP per capita (USD)]<>0), World[GDP per capita (USD)])),"No Value")} -> 703.684 | M15: {=IFERROR(MEDIAN( IF( (World[Country Name]=$I15)* (World[Year]=Year)* (World[Unemployment (% of total labor force) (modeled ILO estimate)]<>0), World[Unemployment (% of total labor force) (modeled ILO estimate)])),"No Value")} -> 10.9 | N15: {=IFERROR(MEDIAN( IF( (World[Country Name]=$I15)* (World[Year]=Year-1)* (World[Infant mortality rate (per 1,000 live births)]<>0), World[Infant mortality rate (per 1,000 live births)])),"No Value")} -> 61.3 | O15: {=IFERROR(MEDIAN( IF( (World[Country Name]=$I15)* (World[Year]=Year-1)* (World[Life expectancy at birth (years)]<>0), World[Life expectancy at birth (years)])),"No Value")} -> 66.763 | P15: {=IFERROR(MEDIAN( IF( (World[Country Name]=$I15)* (World[Year]=Year-1)* (World[GDP per capita (USD)]<>0), World[GDP per capita (USD)])),"No Value")} -> 655.097 | Q15: {=IFERROR(MEDIAN( IF( (World[Country Name]=$I15)* (World[Year]=Year-1)* (World[Unemployment (% of total labor force) (modeled ILO estimate)]<>0), World[Unemployment (% of total labor force) (modeled ILO estimate)])),"No Value")} -> 11.8 | R15: {=IFERROR(MEDIAN( IF( (World[Country Name]=$I15)* (World[Year]=Year-2)* (World[Infant mortality rate (per 1,000 live births)]<>0), World[Infant mortality rate (per 1,000 live births)])),"No Value")} -> 65 | S15: {=IFERROR(MEDIAN( IF( (World[Country Name]=$I15)* (World[Year]=Year-2)* (World[Life expectancy at birth (years)]<>0), World[Life expectancy at birth (years)])),"No Value")} -> 66.491 | T15: {=IFERROR(MEDIAN( IF( (World[Country Name]=$I15)* (World[Year]=Year-2)* (World[GDP per capita (USD)]<>0), World[GDP per capita (USD)])),"No Value")} -> 573.893 | U15: {=IFERROR(MEDIAN( IF( (World[Country Name]=$I15)* (World[Year]=Year-2)* (World[Unemployment (% of total labor force) (modeled ILO estimate)]<>0), World[Unemployment (% of total labor force) (modeled ILO estimate)])),"No Value")} -> 10.9
G16: 2005 | I16: Bahamas, The | J16: {=IFERROR(MEDIAN( IF( (World[Country Name]=$I16)* (World[Year]=Year)* (World[Infant mortality rate (per 1,000 live births)]<>0), World[Infant mortality rate (per 1,000 live births)])),"No Value")} -> 12.8 | K16: {=IFERROR(MEDIAN( IF( (World[Country Name]=$I16)* (World[Year]=Year)* (World[Life expectancy at birth (years)]<>0), World[Life expectancy at birth (years)])),"No data")} -> 71.954 | L16: {=IFERROR(MEDIAN( IF( (World[Country Name]=$I16)* (World[Year]=Year)* (World[GDP per capita (USD)]<>0), World[GDP per capita (USD)])),"No Value")} -> 27486.2 | M16: {=IFERROR(MEDIAN( IF( (World[Country Name]=$I16)* (World[Year]=Year)* (World[Unemployment (% of total labor force) (modeled ILO estimate)]<>0), World[Unemployment (% of total labor force) (modeled ILO estimate)])),"No Value")} -> 6.87 | N16: {=IFERROR(MEDIAN( IF( (World[Country Name]=$I16)* (World[Year]=Year-1)* (World[Infant mortality rate (per 1,000 live births)]<>0), World[Infant mortality rate (per 1,000 live births)])),"No Value")} -> 13 | O16: {=IFERROR(MEDIAN( IF( (World[Country Name]=$I16)* (World[Year]=Year-1)* (World[Life expectancy at birth (years)]<>0), World[Life expectancy at birth (years)])),"No Value")} -> 71.914 | P16: {=IFERROR(MEDIAN( IF( (World[Country Name]=$I16)* (World[Year]=Year-1)* (World[GDP per capita (USD)]<>0), World[GDP per capita (USD)])),"No Value")} -> 27097.6 | Q16: {=IFERROR(MEDIAN( IF( (World[Country Name]=$I16)* (World[Year]=Year-1)* (World[Unemployment (% of total labor force) (modeled ILO estimate)]<>0), World[Unemployment (% of total labor force) (modeled ILO estimate)])),"No Value")} -> 7.153 | R16: {=IFERROR(MEDIAN( IF( (World[Country Name]=$I16)* (World[Year]=Year-2)* (World[Infant mortality rate (per 1,000 live births)]<>0), World[Infant mortality rate (per 1,000 live births)])),"No Value")} -> 13.2 | S16: {=IFERROR(MEDIAN( IF( (World[Country Name]=$I16)* (World[Year]=Year-2)* (World[Life expectancy at birth (years)]<>0), World[Life expectancy at birth (years)])),"No Value")} -> 71.858 | T16: {=IFERROR(MEDIAN( IF( (World[Country Name]=$I16)* (World[Year]=Year-2)* (World[GDP per capita (USD)]<>0), World[GDP per capita (USD)])),"No Value")} -> 26130.1 | U16: {=IFERROR(MEDIAN( IF( (World[Country Name]=$I16)* (World[Year]=Year-2)* (World[Unemployment (% of total labor force) (modeled ILO estimate)]<>0), World[Unemployment (% of total labor force) (modeled ILO estimate)])),"No Value")} -> 7.45
G17: 2004 | I17: Bahrain | J17: {=IFERROR(MEDIAN( IF( (World[Country Name]=$I17)* (World[Year]=Year)* (World[Infant mortality rate (per 1,000 live births)]<>0), World[Infant mortality rate (per 1,000 live births)])),"No Value")} -> 10.3 | K17: {=IFERROR(MEDIAN( IF( (World[Country Name]=$I17)* (World[Year]=Year)* (World[Life expectancy at birth (years)]<>0), World[Life expectancy at birth (years)])),"No data")} -> 74.635 | L17: {=IFERROR(MEDIAN( IF( (World[Country Name]=$I17)* (World[Year]=Year)* (World[GDP per capita (USD)]<>0), World[GDP per capita (USD)])),"No Value")} -> 12868.3 | M17: {=IFERROR(MEDIAN( IF( (World[Country Name]=$I17)* (World[Year]=Year)* (World[Unemployment (% of total labor force) (modeled ILO estimate)]<>0), World[Unemployment (% of total labor force) (modeled ILO estimate)])),"No Value")} -> 1.031 | N17: {=IFERROR(MEDIAN( IF( (World[Country Name]=$I17)* (World[Year]=Year-1)* (World[Infant mortality rate (per 1,000 live births)]<>0), World[Infant mortality rate (per 1,000 live births)])),"No Value")} -> 10.8 | O17: {=IFERROR(MEDIAN( IF( (World[Country Name]=$I17)* (World[Year]=Year-1)* (World[Life expectancy at birth (years)]<>0), World[Life expectancy at birth (years)])),"No Value")} -> 74.44 | P17: {=IFERROR(MEDIAN( IF( (World[Country Name]=$I17)* (World[Year]=Year-1)* (World[GDP per capita (USD)]<>0), World[GDP per capita (USD)])),"No Value")} -> 13636.4 | Q17: {=IFERROR(MEDIAN( IF( (World[Country Name]=$I17)* (World[Year]=Year-1)* (World[Unemployment (% of total labor force) (modeled ILO estimate)]<>0), World[Unemployment (% of total labor force) (modeled ILO estimate)])),"No Value")} -> 1.053 | R17: {=IFERROR(MEDIAN( IF( (World[Country Name]=$I17)* (World[Year]=Year-2)* (World[Infant mortality rate (per 1,000 live births)]<>0), World[Infant mortality rate (per 1,000 live births)])),"No Value")} -> 11.4 | S17: {=IFERROR(MEDIAN( IF( (World[Country Name]=$I17)* (World[Year]=Year-2)* (World[Life expectancy at birth (years)]<>0), World[Life expectancy at birth (years)])),"No Value")} -> 74.239 | T17: {=IFERROR(MEDIAN( IF( (World[Country Name]=$I17)* (World[Year]=Year-2)* (World[GDP per capita (USD)]<>0), World[GDP per capita (USD)])),"No Value")} -> 10401.5 | U17: {=IFERROR(MEDIAN( IF( (World[Country Name]=$I17)* (World[Year]=Year-2)* (World[Unemployment (% of total labor force) (modeled ILO estimate)]<>0), World[Unemployment (% of total labor force) (modeled ILO estimate)])),"No Value")} -> 1.079
B18: =TEXT(B15,"0.0")&" deaths" -> 25.2 deaths | C18: =TEXT(C15,"0.0")&" years" -> 70.8 years | G18: 2003 | I18: Bangladesh | J18: {=IFERROR(MEDIAN( IF( (World[Country Name]=$I18)* (World[Year]=Year)* (World[Infant mortality rate (per 1,000 live births)]<>0), World[Infant mortality rate (per 1,000 live births)])),"No Value")} -> 60.9 | K18: {=IFERROR(MEDIAN( IF( (World[Country Name]=$I18)* (World[Year]=Year)* (World[Life expectancy at birth (years)]<>0), World[Life expectancy at birth (years)])),"No data")} -> 65.956 | L18: {=IFERROR(MEDIAN( IF( (World[Country Name]=$I18)* (World[Year]=Year)* (World[GDP per capita (USD)]<>0), World[GDP per capita (USD)])),"No Value")} -> 415.034 | M18: {=IFERROR(MEDIAN( IF( (World[Country Name]=$I18)* (World[Year]=Year)* (World[Unemployment (% of total labor force) (modeled ILO estimate)]<>0), World[Unemployment (% of total labor force) (modeled ILO estimate)])),"No Value")} -> 3.551 | N18: {=IFERROR(MEDIAN( IF( (World[Country Name]=$I18)* (World[Year]=Year-1)* (World[Infant mortality rate (per 1,000 live births)]<>0), World[Infant mortality rate (per 1,000 live births)])),"No Value")} -> 63.9 | O18: {=IFERROR(MEDIAN( IF( (World[Country Name]=$I18)* (World[Year]=Year-1)* (World[Life expectancy at birth (years)]<>0), World[Life expectancy at birth (years)])),"No Value")} -> 65.447 | P18: {=IFERROR(MEDIAN( IF( (World[Country Name]=$I18)* (World[Year]=Year-1)* (World[GDP per capita (USD)]<>0), World[GDP per capita (USD)])),"No Value")} -> 418.069 | Q18: {=IFERROR(MEDIAN( IF( (World[Country Name]=$I18)* (World[Year]=Year-1)* (World[Unemployment (% of total labor force) (modeled ILO estimate)]<>0), World[Unemployment (% of total labor force) (modeled ILO estimate)])),"No Value")} -> 3.27 | R18: {=IFERROR(MEDIAN( IF( (World[Country Name]=$I18)* (World[Year]=Year-2)* (World[Infant mortality rate (per 1,000 live births)]<>0), World[Infant mortality rate (per 1,000 live births)])),"No Value")} -> 67 | S18: {=IFERROR(MEDIAN( IF( (World[Country Name]=$I18)* (World[Year]=Year-2)* (World[Life expectancy at birth (years)]<>0), World[Life expectancy at birth (years)])),"No Value")} -> 64.881 | T18: {=IFERROR(MEDIAN( IF( (World[Country Name]=$I18)* (World[Year]=Year-2)* (World[GDP per capita (USD)]<>0), World[GDP per capita (USD)])),"No Value")} -> 409.543 | U18: {=IFERROR(MEDIAN( IF( (World[Country Name]=$I18)* (World[Year]=Year-2)* (World[Unemployment (% of total labor force) (modeled ILO estimate)]<>0), World[Unemployment (% of total labor force) (modeled ILO estimate)])),"No Value")} -> 3.095
G19: 2002 | I19: Barbados | J19: {=IFERROR(MEDIAN( IF( (World[Country Name]=$I19)* (World[Year]=Year)* (World[Infant mortality rate (per 1,000 live births)]<>0), World[Infant mortality rate (per 1,000 live births)])),"No Value")} -> 14 | K19: {=IFERROR(MEDIAN( IF( (World[Country Name]=$I19)* (World[Year]=Year)* (World[Life expectancy at birth (years)]<>0), World[Life expectancy at birth (years)])),"No data")} -> 77.362 | L19: {=IFERROR(MEDIAN( IF( (World[Country Name]=$I19)* (World[Year]=Year)* (World[GDP per capita (USD)]<>0), World[GDP per capita (USD)])),"No Value")} -> 11437.2 | M19: {=IFERROR(MEDIAN( IF( (World[Country Name]=$I19)* (World[Year]=Year)* (World[Unemployment (% of total labor force) (modeled ILO estimate)]<>0), World[Unemployment (% of total labor force) (modeled ILO estimate)])),"No Value")} -> 9.85 | N19: {=IFERROR(MEDIAN( IF( (World[Country Name]=$I19)* (World[Year]=Year-1)* (World[Infant mortality rate (per 1,000 live births)]<>0), World[Infant mortality rate (per 1,000 live births)])),"No Value")} -> 13.7 | O19: {=IFERROR(MEDIAN( IF( (World[Country Name]=$I19)* (World[Year]=Year-1)* (World[Life expectancy at birth (years)]<>0), World[Life expectancy at birth (years)])),"No Value")} -> 77.162 | P19: {=IFERROR(MEDIAN( IF( (World[Country Name]=$I19)* (World[Year]=Year-1)* (World[GDP per capita (USD)]<>0), World[GDP per capita (USD)])),"No Value")} -> 11496.6 | Q19: {=IFERROR(MEDIAN( IF( (World[Country Name]=$I19)* (World[Year]=Year-1)* (World[Unemployment (% of total labor force) (modeled ILO estimate)]<>0), World[Unemployment (% of total labor force) (modeled ILO estimate)])),"No Value")} -> 9.35 | R19: {=IFERROR(MEDIAN( IF( (World[Country Name]=$I19)* (World[Year]=Year-2)* (World[Infant mortality rate (per 1,000 live births)]<>0), World[Infant mortality rate (per 1,000 live births)])),"No Value")} -> 13.6 | S19: {=IFERROR(MEDIAN( IF( (World[Country Name]=$I19)* (World[Year]=Year-2)* (World[Life expectancy at birth (years)]<>0), World[Life expectancy at birth (years)])),"No Value")} -> 76.933 | T19: {=IFERROR(MEDIAN( IF( (World[Country Name]=$I19)* (World[Year]=Year-2)* (World[GDP per capita (USD)]<>0), World[GDP per capita (USD)])),"No Value")} -> 11137.3 | U19: {=IFERROR(MEDIAN( IF( (World[Country Name]=$I19)* (World[Year]=Year-2)* (World[Unemployment (% of total labor force) (modeled ILO estimate)]<>0), World[Unemployment (% of total labor force) (modeled ILO estimate)])),"No Value")} -> 10.61
E20: ="Infant Mortality rate in "&Year&"|"&Country -> Infant Mortality rate in 2001|Global | G20: 2001 | I20: Belarus | J20: {=IFERROR(MEDIAN( IF( (World[Country Name]=$I20)* (World[Year]=Year)* (World[Infant mortality rate (per 1,000 live births)]<>0), World[Infant mortality rate (per 1,000 live births)])),"No Value")} -> 9.1 | K20: {=IFERROR(MEDIAN( IF( (World[Country Name]=$I20)* (World[Year]=Year)* (World[Life expectancy at birth (years)]<>0), World[Life expectancy at birth (years)])),"No data")} -> 68.5073 | L20: {=IFERROR(MEDIAN( IF( (World[Country Name]=$I20)* (World[Year]=Year)* (World[GDP per capita (USD)]<>0), World[GDP per capita (USD)])),"No Value")} -> 1244.37 | M20: {=IFERROR(MEDIAN( IF( (World[Country Name]=$I20)* (World[Year]=Year)* (World[Unemployment (% of total labor force) (modeled ILO estimate)]<>0), World[Unemployment (% of total labor force) (modeled ILO estimate)])),"No Value")} -> 11.314 | N20: {=IFERROR(MEDIAN( IF( (World[Country Name]=$I20)* (World[Year]=Year-1)* (World[Infant mortality rate (per 1,000 live births)]<>0), World[Infant mortality rate (per 1,000 live births)])),"No Value")} -> 9.9 | O20: {=IFERROR(MEDIAN( IF( (World[Country Name]=$I20)* (World[Year]=Year-1)* (World[Life expectancy at birth (years)]<>0), World[Life expectancy at birth (years)])),"No Value")} -> 68.9122 | P20: {=IFERROR(MEDIAN( IF( (World[Country Name]=$I20)* (World[Year]=Year-1)* (World[GDP per capita (USD)]<>0), World[GDP per capita (USD)])),"No Value")} -> 1276.29 | Q20: {=IFERROR(MEDIAN( IF( (World[Country Name]=$I20)* (World[Year]=Year-1)* (World[Unemployment (% of total labor force) (modeled ILO estimate)]<>0), World[Unemployment (% of total labor force) (modeled ILO estimate)])),"No Value")} -> 11.942 | R20: {=IFERROR(MEDIAN( IF( (World[Country Name]=$I20)* (World[Year]=Year-2)* (World[Infant mortality rate (per 1,000 live births)]<>0), World[Infant mortality rate (per 1,000 live births)])),"No Value")} -> 10.7 | S20: {=IFERROR(MEDIAN( IF( (World[Country Name]=$I20)* (World[Year]=Year-2)* (World[Life expectancy at birth (years)]<>0), World[Life expectancy at birth (years)])),"No Value")} -> 67.9073 | T20: {=IFERROR(MEDIAN( IF( (World[Country Name]=$I20)* (World[Year]=Year-2)* (World[GDP per capita (USD)]<>0), World[GDP per capita (USD)])),"No Value")} -> 1210.61 | U20: {=IFERROR(MEDIAN( IF( (World[Country Name]=$I20)* (World[Year]=Year-2)* (World[Unemployment (% of total labor force) (modeled ILO estimate)]<>0), World[Unemployment (% of total labor force) (modeled ILO estimate)])),"No Value")} -> 12.8
E21: ="Life Expectancy in "&Year&"|"&Country -> Life Expectancy in 2001|Global | G21: 2000 | I21: Belgium | J21: {=IFERROR(MEDIAN( IF( (World[Country Name]=$I21)* (World[Year]=Year)* (World[Infant mortality rate (per 1,000 live births)]<>0), World[Infant mortality rate (per 1,000 live births)])),"No Value")} -> 4.6 | K21: {=IFERROR(MEDIAN( IF( (World[Country Name]=$I21)* (World[Year]=Year)* (World[Life expectancy at birth (years)]<>0), World[Life expectancy at birth (years)])),"No data")} -> 77.9732 | L21: {=IFERROR(MEDIAN( IF( (World[Country Name]=$I21)* (World[Year]=Year)* (World[GDP per capita (USD)]<>0), World[GDP per capita (USD)])),"No Value")} -> 23121.6 | M21: {=IFERROR(MEDIAN( IF( (World[Country Name]=$I21)* (World[Year]=Year)* (World[Unemployment (% of total labor force) (modeled ILO estimate)]<>0), World[Unemployment (% of total labor force) (modeled ILO estimate)])),"No Value")} -> 6.177 | N21: {=IFERROR(MEDIAN( IF( (World[Country Name]=$I21)* (World[Year]=Year-1)* (World[Infant mortality rate (per 1,000 live births)]<>0), World[Infant mortality rate (per 1,000 live births)])),"No Value")} -> 4.8 | O21: {=IFERROR(MEDIAN( IF( (World[Country Name]=$I21)* (World[Year]=Year-1)* (World[Life expectancy at birth (years)]<>0), World[Life expectancy at birth (years)])),"No Value")} -> 77.722 | P21: {=IFERROR(MEDIAN( IF( (World[Country Name]=$I21)* (World[Year]=Year-1)* (World[GDP per capita (USD)]<>0), World[GDP per capita (USD)])),"No Value")} -> 23207.4 | Q21: {=IFERROR(MEDIAN( IF( (World[Country Name]=$I21)* (World[Year]=Year-1)* (World[Unemployment (% of total labor force) (modeled ILO estimate)]<>0), World[Unemployment (% of total labor force) (modeled ILO estimate)])),"No Value")} -> 6.586 | R21: {=IFERROR(MEDIAN( IF( (World[Country Name]=$I21)* (World[Year]=Year-2)* (World[Infant mortality rate (per 1,000 live births)]<>0), World[Infant mortality rate (per 1,000 live births)])),"No Value")} -> 5 | S21: {=IFERROR(MEDIAN( IF( (World[Country Name]=$I21)* (World[Year]=Year-2)* (World[Life expectancy at birth (years)]<>0), World[Life expectancy at birth (years)])),"No Value")} -> 77.6195 | T21: {=IFERROR(MEDIAN( IF( (World[Country Name]=$I21)* (World[Year]=Year-2)* (World[GDP per capita (USD)]<>0), World[GDP per capita (USD)])),"No Value")} -> 25444.1 | U21: {=IFERROR(MEDIAN( IF( (World[Country Name]=$I21)* (World[Year]=Year-2)* (World[Unemployment (% of total labor force) (modeled ILO estimate)]<>0), World[Unemployment (% of total labor force) (modeled ILO estimate)])),"No Value")} -> 8.649
E22: ="GDP per capita "&Year&"|"&Country -> GDP per capita 2001|Global | G22: 1999 | I22: Belize | J22: {=IFERROR(MEDIAN( IF( (World[Country Name]=$I22)* (World[Year]=Year)* (World[Infant mortality rate (per 1,000 live births)]<>0), World[Infant mortality rate (per 1,000 live births)])),"No Value")} -> 19.4 | K22: {=IFERROR(MEDIAN( IF( (World[Country Name]=$I22)* (World[Year]=Year)* (World[Life expectancy at birth (years)]<>0), World[Life expectancy at birth (years)])),"No data")} -> 69.04 | L22: {=IFERROR(MEDIAN( IF( (World[Country Name]=$I22)* (World[Year]=Year)* (World[GDP per capita (USD)]<>0), World[GDP per capita (USD)])),"No Value")} -> 3418.22 | M22: {=IFERROR(MEDIAN( IF( (World[Country Name]=$I22)* (World[Year]=Year)* (World[Unemployment (% of total labor force) (modeled ILO estimate)]<>0), World[Unemployment (% of total labor force) (modeled ILO estimate)])),"No Value")} -> 9.07 | N22: {=IFERROR(MEDIAN( IF( (World[Country Name]=$I22)* (World[Year]=Year-1)* (World[Infant mortality rate (per 1,000 live births)]<>0), World[Infant mortality rate (per 1,000 live births)])),"No Value")} -> 20 | O22: {=IFERROR(MEDIAN( IF( (World[Country Name]=$I22)* (World[Year]=Year-1)* (World[Life expectancy at birth (years)]<>0), World[Life expectancy at birth (years)])),"No Value")} -> 68.847 | P22: {=IFERROR(MEDIAN( IF( (World[Country Name]=$I22)* (World[Year]=Year-1)* (World[GDP per capita (USD)]<>0), World[GDP per capita (USD)])),"No Value")} -> 3364.42 | Q22: {=IFERROR(MEDIAN( IF( (World[Country Name]=$I22)* (World[Year]=Year-1)* (World[Unemployment (% of total labor force) (modeled ILO estimate)]<>0), World[Unemployment (% of total labor force) (modeled ILO estimate)])),"No Value")} -> 10.559 | R22: {=IFERROR(MEDIAN( IF( (World[Country Name]=$I22)* (World[Year]=Year-2)* (World[Infant mortality rate (per 1,000 live births)]<>0), World[Infant mortality rate (per 1,000 live births)])),"No Value")} -> 20.7 | S22: {=IFERROR(MEDIAN( IF( (World[Country Name]=$I22)* (World[Year]=Year-2)* (World[Life expectancy at birth (years)]<>0), World[Life expectancy at birth (years)])),"No Value")} -> 68.734 | T22: {=IFERROR(MEDIAN( IF( (World[Country Name]=$I22)* (World[Year]=Year-2)* (World[GDP per capita (USD)]<>0), World[GDP per capita (USD)])),"No Value")} -> 3065.98 | U22: {=IFERROR(MEDIAN( IF( (World[Country Name]=$I22)* (World[Year]=Year-2)* (World[Unemployment (% of total labor force) (modeled ILO estimate)]<>0), World[Unemployment (% of total labor force) (modeled ILO estimate)])),"No Value")} -> 12.84
E23: ="Unemployment Rate "&Year&"|"&Country -> Unemployment Rate 2001|Global | G23: 1998 | I23: Benin | J23: {=IFERROR(MEDIAN( IF( (World[Country Name]=$I23)* (World[Year]=Year)* (World[Infant mortality rate (per 1,000 live births)]<>0), World[Infant mortality rate (per 1,000 live births)])),"No Value")} -> 84.5 | K23: {=IFERROR(MEDIAN( IF( (World[Country Name]=$I23)* (World[Year]=Year)* (World[Life expectancy at birth (years)]<>0), World[Life expectancy at birth (years)])),"No data")} -> 55.668 | L23: {=IFERROR(MEDIAN( IF( (World[Country Name]=$I23)* (World[Year]=Year)* (World[GDP per capita (USD)]<>0), World[GDP per capita (USD)])),"No Value")} -> 378.736 | M23: {=IFERROR(MEDIAN( IF( (World[Country Name]=$I23)* (World[Year]=Year)* (World[Unemployment (% of total labor force) (modeled ILO estimate)]<>0), World[Unemployment (% of total labor force) (modeled ILO estimate)])),"No Value")} -> 0.713 | N23: {=IFERROR(MEDIAN( IF( (World[Country Name]=$I23)* (World[Year]=Year-1)* (World[Infant mortality rate (per 1,000 live births)]<>0), World[Infant mortality rate (per 1,000 live births)])),"No Value")} -> 86.4 | O23: {=IFERROR(MEDIAN( IF( (World[Country Name]=$I23)* (World[Year]=Year-1)* (World[Life expectancy at birth (years)]<>0), World[Life expectancy at birth (years)])),"No Value")} -> 55.391 | P23: {=IFERROR(MEDIAN( IF( (World[Country Name]=$I23)* (World[Year]=Year-1)* (World[GDP per capita (USD)]<>0), World[GDP per capita (USD)])),"No Value")} -> 374.192 | Q23: {=IFERROR(MEDIAN( IF( (World[Country Name]=$I23)* (World[Year]=Year-1)* (World[Unemployment (% of total labor force) (modeled ILO estimate)]<>0), World[Unemployment (% of total labor force) (modeled ILO estimate)])),"No Value")} -> 0.816 | R23: {=IFERROR(MEDIAN( IF( (World[Country Name]=$I23)* (World[Year]=Year-2)* (World[Infant mortality rate (per 1,000 live births)]<>0), World[Infant mortality rate (per 1,000 live births)])),"No Value")} -> 88.2 | S23: {=IFERROR(MEDIAN( IF( (World[Country Name]=$I23)* (World[Year]=Year-2)* (World[Life expectancy at birth (years)]<>0), World[Life expectancy at birth (years)])),"No Value")} -> 55.218 | T23: {=IFERROR(MEDIAN( IF( (World[Country Name]=$I23)* (World[Year]=Year-2)* (World[GDP per capita (USD)]<>0), World[GDP per capita (USD)])),"No Value")} -> 403.624 | U23: {=IFERROR(MEDIAN( IF( (World[Country Name]=$I23)* (World[Year]=Year-2)* (World[Unemployment (% of total labor force) (modeled ILO estimate)]<>0), World[Unemployment (% of total labor force) (modeled ILO estimate)])),"No Value")} -> 0.876
G24: 1997 | I24: Bermuda | J24: {=IFERROR(MEDIAN( IF( (World[Country Name]=$I24)* (World[Year]=Year)* (World[Infant mortality rate (per 1,000 live births)]<>0), World[Infant mortality rate (per 1,000 live births)])),"No Value")} -> No Value | K24: {=IFERROR(MEDIAN( IF( (World[Country Name]=$I24)* (World[Year]=Year)* (World[Life expectancy at birth (years)]<>0), World[Life expectancy at birth (years)])),"No data")} -> 77.8854 | L24: {=IFERROR(MEDIAN( IF( (World[Country Name]=$I24)* (World[Year]=Year)* (World[GDP per capita (USD)]<>0), World[GDP per capita (USD)])),"No Value")} -> 58884 | M24: {=IFERROR(MEDIAN( IF( (World[Country Name]=$I24)* (World[Year]=Year)* (World[Unemployment (% of total labor force) (modeled ILO estimate)]<>0), World[Unemployment (% of total labor force) (modeled ILO estimate)])),"No Value")} -> No Value | N24: {=IFERROR(MEDIAN( IF( (World[Country Name]=$I24)* (World[Year]=Year-1)* (World[Infant mortality rate (per 1,000 live births)]<>0), World[Infant mortality rate (per 1,000 live births)])),"No Value")} -> No Value | O24: {=IFERROR(MEDIAN( IF( (World[Country Name]=$I24)* (World[Year]=Year-1)* (World[Life expectancy at birth (years)]<>0), World[Life expectancy at birth (years)])),"No Value")} -> 77.8854 | P24: {=IFERROR(MEDIAN( IF( (World[Country Name]=$I24)* (World[Year]=Year-1)* (World[GDP per capita (USD)]<>0), World[GDP per capita (USD)])),"No Value")} -> 56284.2 | Q24: {=IFERROR(MEDIAN( IF( (World[Country Name]=$I24)* (World[Year]=Year-1)* (World[Unemployment (% of total labor force) (modeled ILO estimate)]<>0), World[Unemployment (% of total labor force) (modeled ILO estimate)])),"No Value")} -> No Value | R24: {=IFERROR(MEDIAN( IF( (World[Country Name]=$I24)* (World[Year]=Year-2)* (World[Infant mortality rate (per 1,000 live births)]<>0), World[Infant mortality rate (per 1,000 live births)])),"No Value")} -> No Value | S24: {=IFERROR(MEDIAN( IF( (World[Country Name]=$I24)* (World[Year]=Year-2)* (World[Life expectancy at birth (years)]<>0), World[Life expectancy at birth (years)])),"No Value")} -> No Value | T24: {=IFERROR(MEDIAN( IF( (World[Country Name]=$I24)* (World[Year]=Year-2)* (World[GDP per capita (USD)]<>0), World[GDP per capita (USD)])),"No Value")} -> 54245.5 | U24: {=IFERROR(MEDIAN( IF( (World[Country Name]=$I24)* (World[Year]=Year-2)* (World[Unemployment (% of total labor force) (modeled ILO estimate)]<>0), World[Unemployment (% of total labor force) (modeled ILO estimate)])),"No Value")} -> No Value
G25: 1996 | I25: Bhutan | J25: {=IFERROR(MEDIAN( IF( (World[Country Name]=$I25)* (World[Year]=Year)* (World[Infant mortality rate (per 1,000 live births)]<>0), World[Infant mortality rate (per 1,000 live births)])),"No Value")} -> 55.1 | K25: {=IFERROR(MEDIAN( IF( (World[Country Name]=$I25)* (World[Year]=Year)* (World[Life expectancy at birth (years)]<>0), World[Life expectancy at birth (years)])),"No data")} -> 61.808 | L25: {=IFERROR(MEDIAN( IF( (World[Country Name]=$I25)* (World[Year]=Year)* (World[GDP per capita (USD)]<>0), World[GDP per capita (USD)])),"No Value")} -> 789.147 | M25: {=IFERROR(MEDIAN( IF( (World[Country Name]=$I25)* (World[Year]=Year)* (World[Unemployment (% of total labor force) (modeled ILO estimate)]<>0), World[Unemployment (% of total labor force) (modeled ILO estimate)])),"No Value")} -> 1.9 | N25: {=IFERROR(MEDIAN( IF( (World[Country Name]=$I25)* (World[Year]=Year-1)* (World[Infant mortality rate (per 1,000 live births)]<>0), World[Infant mortality rate (per 1,000 live births)])),"No Value")} -> 57.8 | O25: {=IFERROR(MEDIAN( IF( (World[Country Name]=$I25)* (World[Year]=Year-1)* (World[Life expectancy at birth (years)]<>0), World[Life expectancy at birth (years)])),"No Value")} -> 60.884 | P25: {=IFERROR(MEDIAN( IF( (World[Country Name]=$I25)* (World[Year]=Year-1)* (World[GDP per capita (USD)]<>0), World[GDP per capita (USD)])),"No Value")} -> 743.05 | Q25: {=IFERROR(MEDIAN( IF( (World[Country Name]=$I25)* (World[Year]=Year-1)* (World[Unemployment (% of total labor force) (modeled ILO estimate)]<>0), World[Unemployment (% of total labor force) (modeled ILO estimate)])),"No Value")} -> 1.708 | R25: {=IFERROR(MEDIAN( IF( (World[Country Name]=$I25)* (World[Year]=Year-2)* (World[Infant mortality rate (per 1,000 live births)]<>0), World[Infant mortality rate (per 1,000 live births)])),"No Value")} -> 60.5 | S25: {=IFERROR(MEDIAN( IF( (World[Country Name]=$I25)* (World[Year]=Year-2)* (World[Life expectancy at birth (years)]<>0), World[Life expectancy at birth (years)])),"No Value")} -> 59.974 | T25: {=IFERROR(MEDIAN( IF( (World[Country Name]=$I25)* (World[Year]=Year-2)* (World[GDP per capita (USD)]<>0), World[GDP per capita (USD)])),"No Value")} -> 725.125 | U25: {=IFERROR(MEDIAN( IF( (World[Country Name]=$I25)* (World[Year]=Year-2)* (World[Unemployment (% of total labor force) (modeled ILO estimate)]<>0), World[Unemployment (% of total labor force) (modeled ILO estimate)])),"No Value")} -> 1.4
G26: 1995 | I26: Bolivia | J26: {=IFERROR(MEDIAN( IF( (World[Country Name]=$I26)* (World[Year]=Year)* (World[Infant mortality rate (per 1,000 live births)]<>0), World[Infant mortality rate (per 1,000 live births)])),"No Value")} -> 52.9 | K26: {=IFERROR(MEDIAN( IF( (World[Country Name]=$I26)* (World[Year]=Year)* (World[Life expectancy at birth (years)]<>0), World[Life expectancy at birth (years)])),"No data")} -> 63.054 | L26: {=IFERROR(MEDIAN( IF( (World[Country Name]=$I26)* (World[Year]=Year)* (World[GDP per capita (USD)]<>0), World[GDP per capita (USD)])),"No Value")} -> 948.871 | M26: {=IFERROR(MEDIAN( IF( (World[Country Name]=$I26)* (World[Year]=Year)* (World[Unemployment (% of total labor force) (modeled ILO estimate)]<>0), World[Unemployment (% of total labor force) (modeled ILO estimate)])),"No Value")} -> 3.418 | N26: {=IFERROR(MEDIAN( IF( (World[Country Name]=$I26)* (World[Year]=Year-1)* (World[Infant mortality rate (per 1,000 live births)]<>0), World[Infant mortality rate (per 1,000 live births)])),"No Value")} -> 55.7 | O26: {=IFERROR(MEDIAN( IF( (World[Country Name]=$I26)* (World[Year]=Year-1)* (World[Life expectancy at birth (years)]<>0), World[Life expectancy at birth (years)])),"No Value")} -> 62.452 | P26: {=IFERROR(MEDIAN( IF( (World[Country Name]=$I26)* (World[Year]=Year-1)* (World[GDP per capita (USD)]<>0), World[GDP per capita (USD)])),"No Value")} -> 997.582 | Q26: {=IFERROR(MEDIAN( IF( (World[Country Name]=$I26)* (World[Year]=Year-1)* (World[Unemployment (% of total labor force) (modeled ILO estimate)]<>0), World[Unemployment (% of total labor force) (modeled ILO estimate)])),"No Value")} -> 3.366 | R26: {=IFERROR(MEDIAN( IF( (World[Country Name]=$I26)* (World[Year]=Year-2)* (World[Infant mortality rate (per 1,000 live births)]<>0), World[Infant mortality rate (per 1,000 live births)])),"No Value")} -> 58.5 | S26: {=IFERROR(MEDIAN( IF( (World[Country Name]=$I26)* (World[Year]=Year-2)* (World[Life expectancy at birth (years)]<>0), World[Life expectancy at birth (years)])),"No Value")} -> 61.835 | T26: {=IFERROR(MEDIAN( IF( (World[Country Name]=$I26)* (World[Year]=Year-2)* (World[GDP per capita (USD)]<>0), World[GDP per capita (USD)])),"No Value")} -> 1003.39 | U26: {=IFERROR(MEDIAN( IF( (World[Country Name]=$I26)* (World[Year]=Year-2)* (World[Unemployment (% of total labor force) (modeled ILO estimate)]<>0), World[Unemployment (% of total labor force) (modeled ILO estimate)])),"No Value")} -> 3.353
G27: 1994 | I27: Bosnia and Herzegovina | J27: {=IFERROR(MEDIAN( IF( (World[Country Name]=$I27)* (World[Year]=Year)* (World[Infant mortality rate (per 1,000 live births)]<>0), World[Infant mortality rate (per 1,000 live births)])),"No Value")} -> 8.3 | K27: {=IFERROR(MEDIAN( IF( (World[Country Name]=$I27)* (World[Year]=Year)* (World[Life expectancy at birth (years)]<>0), World[Life expectancy at birth (years)])),"No data")} -> 74.637 | L27: {=IFERROR(MEDIAN( IF( (World[Country Name]=$I27)* (World[Year]=Year)* (World[GDP per capita (USD)]<>0), World[GDP per capita (USD)])),"No Value")} -> 1530.81 | M27: {=IFERROR(MEDIAN( IF( (World[Country Name]=$I27)* (World[Year]=Year)* (World[Unemployment (% of total labor force) (modeled ILO estimate)]<>0), World[Unemployment (% of total labor force) (modeled ILO estimate)])),"No Value")} -> 27.129 | N27: {=IFERROR(MEDIAN( IF( (World[Country Name]=$I27)* (World[Year]=Year-1)* (World[Infant mortality rate (per 1,000 live births)]<>0), World[Infant mortality rate (per 1,000 live births)])),"No Value")} -> 8.6 | O27: {=IFERROR(MEDIAN( IF( (World[Country Name]=$I27)* (World[Year]=Year-1)* (World[Life expectancy at birth (years)]<>0), World[Life expectancy at birth (years)])),"No Value")} -> 74.403 | P27: {=IFERROR(MEDIAN( IF( (World[Country Name]=$I27)* (World[Year]=Year-1)* (World[GDP per capita (USD)]<>0), World[GDP per capita (USD)])),"No Value")} -> 1467.78 | Q27: {=IFERROR(MEDIAN( IF( (World[Country Name]=$I27)* (World[Year]=Year-1)* (World[Unemployment (% of total labor force) (modeled ILO estimate)]<>0), World[Unemployment (% of total labor force) (modeled ILO estimate)])),"No Value")} -> 26.187 | R27: {=IFERROR(MEDIAN( IF( (World[Country Name]=$I27)* (World[Year]=Year-2)* (World[Infant mortality rate (per 1,000 live births)]<>0), World[Infant mortality rate (per 1,000 live births)])),"No Value")} -> 9 | S27: {=IFERROR(MEDIAN( IF( (World[Country Name]=$I27)* (World[Year]=Year-2)* (World[Life expectancy at birth (years)]<>0), World[Life expectancy at birth (years)])),"No Value")} -> 74.05 | T27: {=IFERROR(MEDIAN( IF( (World[Country Name]=$I27)* (World[Year]=Year-2)* (World[GDP per capita (USD)]<>0), World[GDP per capita (USD)])),"No Value")} -> 1251.75 | U27: {=IFERROR(MEDIAN( IF( (World[Country Name]=$I27)* (World[Year]=Year-2)* (World[Unemployment (% of total labor force) (modeled ILO estimate)]<>0), World[Unemployment (% of total labor force) (modeled ILO estimate)])),"No Value")} -> 25.311
B28: =IFERROR(IF(B15-B14<0,TEXT(B14-B15,"0.0")&"↓ than previous year",IF(B15-B14=0,"no change from previous year",TEXT(B15-B14,"0.0")&"↑ than previous year")),"No Data") -> 0.4↓ than previous year | C28: =IFERROR(IF(C15-C14<0,TEXT(C14-C15,"0.0")&"↓ than previous year",IF(C15-C14=0,"no change from previous year",TEXT(C15-C14,"0.0")&"↑ than previous year")),"No Data") -> 0.4↑ than previous year | D28: =IFERROR(IF(D15-D14<0,"$"&TEXT(D14-D15,"0.0")&"↓ than previous year",IF(D15-D14=0,"no change from previous year","$"&TEXT(D15-D14,"0.0")&"↑ than previous year")),"No Data") -> $84.5↓ than previous year | E28: =IFERROR(IF(E15-E14<0,TEXT((E14-E15)/E14,"0.0%")&"↓ than previous year",IF(E15-E14=0,"no change from previous year",TEXT((E15-E14)/E14,"0.0%")&"↑ than previous year")),"No Data") -> 4.0%↑ than previous year | G28: 1993 | I28: Botswana | J28: {=IFERROR(MEDIAN( IF( (World[Country Name]=$I28)* (World[Year]=Year)* (World[Infant mortality rate (per 1,000 live births)]<>0), World[Infant mortality rate (per 1,000 live births)])),"No Value")} -> 49.2 | K28: {=IFERROR(MEDIAN( IF( (World[Country Name]=$I28)* (World[Year]=Year)* (World[Life expectancy at birth (years)]<>0), World[Life expectancy at birth (years)])),"No data")} -> 50.281 | L28: {=IFERROR(MEDIAN( IF( (World[Country Name]=$I28)* (World[Year]=Year)* (World[GDP per capita (USD)]<>0), World[GDP per capita (USD)])),"No Value")} -> 3278.01 | M28: {=IFERROR(MEDIAN( IF( (World[Country Name]=$I28)* (World[Year]=Year)* (World[Unemployment (% of total labor force) (modeled ILO estimate)]<>0), World[Unemployment (% of total labor force) (modeled ILO estimate)])),"No Value")} -> 18.54 | N28: {=IFERROR(MEDIAN( IF( (World[Country Name]=$I28)* (World[Year]=Year-1)* (World[Infant mortality rate (per 1,000 live births)]<>0), World[Infant mortality rate (per 1,000 live births)])),"No Value")} -> 50 | O28: {=IFERROR(MEDIAN( IF( (World[Country Name]=$I28)* (World[Year]=Year-1)* (World[Life expectancy at birth (years)]<>0), World[Life expectancy at birth (years)])),"No Value")} -> 50.629 | P28: {=IFERROR(MEDIAN( IF( (World[Country Name]=$I28)* (World[Year]=Year-1)* (World[GDP per capita (USD)]<>0), World[GDP per capita (USD)])),"No Value")} -> 3522.31 | Q28: {=IFERROR(MEDIAN( IF( (World[Country Name]=$I28)* (World[Year]=Year-1)* (World[Unemployment (% of total labor force) (modeled ILO estimate)]<>0), World[Unemployment (% of total labor force) (modeled ILO estimate)])),"No Value")} -> 15.88 | R28: {=IFERROR(MEDIAN( IF( (World[Country Name]=$I28)* (World[Year]=Year-2)* (World[Infant mortality rate (per 1,000 live births)]<>0), World[Infant mortality rate (per 1,000 live births)])),"No Value")} -> 50.3 | S28: {=IFERROR(MEDIAN( IF( (World[Country Name]=$I28)* (World[Year]=Year-2)* (World[Life expectancy at birth (years)]<>0), World[Life expectancy at birth (years)])),"No Value")} -> 51.214 | T28: {=IFERROR(MEDIAN( IF( (World[Country Name]=$I28)* (World[Year]=Year-2)* (World[GDP per capita (USD)]<>0), World[GDP per capita (USD)])),"No Value")} -> 3405.81 | U28: {=IFERROR(MEDIAN( IF( (World[Country Name]=$I28)* (World[Year]=Year-2)* (World[Unemployment (% of total labor force) (modeled ILO estimate)]<>0), World[Unemployment (% of total labor force) (modeled ILO estimate)])),"No Value")} -> 18.929
G29: 1992 | I29: Brazil | J29: {=IFERROR(MEDIAN( IF( (World[Country Name]=$I29)* (World[Year]=Year)* (World[Infant mortality rate (per 1,000 live births)]<>0), World[Infant mortality rate (per 1,000 live births)])),"No Value")} -> 28.6 | K29: {=IFERROR(MEDIAN( IF( (World[Country Name]=$I29)* (World[Year]=Year)* (World[Life expectancy at birth (years)]<>0), World[Life expectancy at birth (years)])),"No data")} -> 70.462 | L29: {=IFERROR(MEDIAN( IF( (World[Country Name]=$I29)* (World[Year]=Year)* (World[GDP per capita (USD)]<>0), World[GDP per capita (USD)])),"No Value")} -> 3156.8 | M29: {=IFERROR(MEDIAN( IF( (World[Country Name]=$I29)* (World[Year]=Year)* (World[Unemployment (% of total labor force) (modeled ILO estimate)]<>0), World[Unemployment (% of total labor force) (modeled ILO estimate)])),"No Value")} -> 9.61 | N29: {=IFERROR(MEDIAN( IF( (World[Country Name]=$I29)* (World[Year]=Year-1)* (World[Infant mortality rate (per 1,000 live births)]<>0), World[Infant mortality rate (per 1,000 live births)])),"No Value")} -> 30.4 | O29: {=IFERROR(MEDIAN( IF( (World[Country Name]=$I29)* (World[Year]=Year-1)* (World[Life expectancy at birth (years)]<>0), World[Life expectancy at birth (years)])),"No Value")} -> 70.116 | P29: {=IFERROR(MEDIAN( IF( (World[Country Name]=$I29)* (World[Year]=Year-1)* (World[GDP per capita (USD)]<>0), World[GDP per capita (USD)])),"No Value")} -> 3749.75 | Q29: {=IFERROR(MEDIAN( IF( (World[Country Name]=$I29)* (World[Year]=Year-1)* (World[Unemployment (% of total labor force) (modeled ILO estimate)]<>0), World[Unemployment (% of total labor force) (modeled ILO estimate)])),"No Value")} -> 9.894 | R29: {=IFERROR(MEDIAN( IF( (World[Country Name]=$I29)* (World[Year]=Year-2)* (World[Infant mortality rate (per 1,000 live births)]<>0), World[Infant mortality rate (per 1,000 live births)])),"No Value")} -> 32.3 | S29: {=IFERROR(MEDIAN( IF( (World[Country Name]=$I29)* (World[Year]=Year-2)* (World[Life expectancy at birth (years)]<>0), World[Life expectancy at birth (years)])),"No Value")} -> 69.769 | T29: {=IFERROR(MEDIAN( IF( (World[Country Name]=$I29)* (World[Year]=Year-2)* (World[GDP per capita (USD)]<>0), World[GDP per capita (USD)])),"No Value")} -> 3478.37 | U29: {=IFERROR(MEDIAN( IF( (World[Country Name]=$I29)* (World[Year]=Year-2)* (World[Unemployment (% of total labor force) (modeled ILO estimate)]<>0), World[Unemployment (% of total labor force) (modeled ILO estimate)])),"No Value")} -> 10.208
G30: 1991 | I30: Brunei Darussalam | J30: {=IFERROR(MEDIAN( IF( (World[Country Name]=$I30)* (World[Year]=Year)* (World[Infant mortality rate (per 1,000 live births)]<>0), World[Infant mortality rate (per 1,000 live births)])),"No Value")} -> 8.1 | K30: {=IFERROR(MEDIAN( IF( (World[Country Name]=$I30)* (World[Year]=Year)* (World[Life expectancy at birth (years)]<>0), World[Life expectancy at birth (years)])),"No data")} -> 73.076 | L30: {=IFERROR(MEDIAN( IF( (World[Country Name]=$I30)* (World[Year]=Year)* (World[GDP per capita (USD)]<>0), World[GDP per capita (USD)])),"No Value")} -> 16472.1 | M30: {=IFERROR(MEDIAN( IF( (World[Country Name]=$I30)* (World[Year]=Year)* (World[Unemployment (% of total labor force) (modeled ILO estimate)]<>0), World[Unemployment (% of total labor force) (modeled ILO estimate)])),"No Value")} -> 5.634 | N30: {=IFERROR(MEDIAN( IF( (World[Country Name]=$I30)* (World[Year]=Year-1)* (World[Infant mortality rate (per 1,000 live births)]<>0), World[Infant mortality rate (per 1,000 live births)])),"No Value")} -> 8.3 | O30: {=IFERROR(MEDIAN( IF( (World[Country Name]=$I30)* (World[Year]=Year-1)* (World[Life expectancy at birth (years)]<>0), World[Life expectancy at birth (years)])),"No Value")} -> 72.809 | P30: {=IFERROR(MEDIAN( IF( (World[Country Name]=$I30)* (World[Year]=Year-1)* (World[GDP per capita (USD)]<>0), World[GDP per capita (USD)])),"No Value")} -> 18012.6 | Q30: {=IFERROR(MEDIAN( IF( (World[Country Name]=$I30)* (World[Year]=Year-1)* (World[Unemployment (% of total labor force) (modeled ILO estimate)]<>0), World[Unemployment (% of total labor force) (modeled ILO estimate)])),"No Value")} -> 5.6 | R30: {=IFERROR(MEDIAN( IF( (World[Country Name]=$I30)* (World[Year]=Year-2)* (World[Infant mortality rate (per 1,000 live births)]<>0), World[Infant mortality rate (per 1,000 live births)])),"No Value")} -> 8.5 | S30: {=IFERROR(MEDIAN( IF( (World[Country Name]=$I30)* (World[Year]=Year-2)* (World[Life expectancy at birth (years)]<>0), World[Life expectancy at birth (years)])),"No Value")} -> 72.538 | T30: {=IFERROR(MEDIAN( IF( (World[Country Name]=$I30)* (World[Year]=Year-2)* (World[GDP per capita (USD)]<>0), World[GDP per capita (USD)])),"No Value")} -> 14101.3 | U30: {=IFERROR(MEDIAN( IF( (World[Country Name]=$I30)* (World[Year]=Year-2)* (World[Unemployment (% of total labor force) (modeled ILO estimate)]<>0), World[Unemployment (% of total labor force) (modeled ILO estimate)])),"No Value")} -> 5.572
G31: 1990 | I31: Bulgaria | J31: {=IFERROR(MEDIAN( IF( (World[Country Name]=$I31)* (World[Year]=Year)* (World[Infant mortality rate (per 1,000 live births)]<>0), World[Infant mortality rate (per 1,000 live births)])),"No Value")} -> 13.8 | K31: {=IFERROR(MEDIAN( IF( (World[Country Name]=$I31)* (World[Year]=Year)* (World[Life expectancy at birth (years)]<>0), World[Life expectancy at birth (years)])),"No data")} -> 71.7683 | L31: {=IFERROR(MEDIAN( IF( (World[Country Name]=$I31)* (World[Year]=Year)* (World[GDP per capita (USD)]<>0), World[GDP per capita (USD)])),"No Value")} -> 1757.44 | M31: {=IFERROR(MEDIAN( IF( (World[Country Name]=$I31)* (World[Year]=Year)* (World[Unemployment (% of total labor force) (modeled ILO estimate)]<>0), World[Unemployment (% of total labor force) (modeled ILO estimate)])),"No Value")} -> 19.921 | N31: {=IFERROR(MEDIAN( IF( (World[Country Name]=$I31)* (World[Year]=Year-1)* (World[Infant mortality rate (per 1,000 live births)]<>0), World[Infant mortality rate (per 1,000 live births)])),"No Value")} -> 14.3 | O31: {=IFERROR(MEDIAN( IF( (World[Country Name]=$I31)* (World[Year]=Year-1)* (World[Life expectancy at birth (years)]<>0), World[Life expectancy at birth (years)])),"No Value")} -> 71.6634 | P31: {=IFERROR(MEDIAN( IF( (World[Country Name]=$I31)* (World[Year]=Year-1)* (World[GDP per capita (USD)]<>0), World[GDP per capita (USD)])),"No Value")} -> 1609.88 | Q31: {=IFERROR(MEDIAN( IF( (World[Country Name]=$I31)* (World[Year]=Year-1)* (World[Unemployment (% of total labor force) (modeled ILO estimate)]<>0), World[Unemployment (% of total labor force) (modeled ILO estimate)])),"No Value")} -> 16.218 | R31: {=IFERROR(MEDIAN( IF( (World[Country Name]=$I31)* (World[Year]=Year-2)* (World[Infant mortality rate (per 1,000 live births)]<>0), World[Infant mortality rate (per 1,000 live births)])),"No Value")} -> 14.9 | S31: {=IFERROR(MEDIAN( IF( (World[Country Name]=$I31)* (World[Year]=Year-2)* (World[Life expectancy at birth (years)]<>0), World[Life expectancy at birth (years)])),"No Value")} -> 71.4122 | T31: {=IFERROR(MEDIAN( IF( (World[Country Name]=$I31)* (World[Year]=Year-2)* (World[GDP per capita (USD)]<>0), World[GDP per capita (USD)])),"No Value")} -> 1648.1 | U31: {=IFERROR(MEDIAN( IF( (World[Country Name]=$I31)* (World[Year]=Year-2)* (World[Unemployment (% of total labor force) (modeled ILO estimate)]<>0), World[Unemployment (% of total labor force) (modeled ILO estimate)])),"No Value")} -> 14.1
G32: 1989 | I32: Burkina Faso | J32: {=IFERROR(MEDIAN( IF( (World[Country Name]=$I32)* (World[Year]=Year)* (World[Infant mortality rate (per 1,000 live births)]<>0), World[Infant mortality rate (per 1,000 live births)])),"No Value")} -> 89.4 | K32: {=IFERROR(MEDIAN( IF( (World[Country Name]=$I32)* (World[Year]=Year)* (World[Life expectancy at birth (years)]<>0), World[Life expectancy at birth (years)])),"No data")} -> 50.893 | L32: {=IFERROR(MEDIAN( IF( (World[Country Name]=$I32)* (World[Year]=Year)* (World[GDP per capita (USD)]<>0), World[GDP per capita (USD)])),"No Value")} -> 235.491 | M32: {=IFERROR(MEDIAN( IF( (World[Country Name]=$I32)* (World[Year]=Year)* (World[Unemployment (% of total labor force) (modeled ILO estimate)]<>0), World[Unemployment (% of total labor force) (modeled ILO estimate)])),"No Value")} -> 2.778 | N32: {=IFERROR(MEDIAN( IF( (World[Country Name]=$I32)* (World[Year]=Year-1)* (World[Infant mortality rate (per 1,000 live births)]<>0), World[Infant mortality rate (per 1,000 live births)])),"No Value")} -> 90.9 | O32: {=IFERROR(MEDIAN( IF( (World[Country Name]=$I32)* (World[Year]=Year-1)* (World[Life expectancy at birth (years)]<>0), World[Life expectancy at birth (years)])),"No Value")} -> 50.489 | P32: {=IFERROR(MEDIAN( IF( (World[Country Name]=$I32)* (World[Year]=Year-1)* (World[GDP per capita (USD)]<>0), World[GDP per capita (USD)])),"No Value")} -> 226.476 | Q32: {=IFERROR(MEDIAN( IF( (World[Country Name]=$I32)* (World[Year]=Year-1)* (World[Unemployment (% of total labor force) (modeled ILO estimate)]<>0), World[Unemployment (% of total labor force) (modeled ILO estimate)])),"No Value")} -> 2.664 | R32: {=IFERROR(MEDIAN( IF( (World[Country Name]=$I32)* (World[Year]=Year-2)* (World[Infant mortality rate (per 1,000 live births)]<>0), World[Infant mortality rate (per 1,000 live births)])),"No Value")} -> 92.3 | S32: {=IFERROR(MEDIAN( IF( (World[Country Name]=$I32)* (World[Year]=Year-2)* (World[Life expectancy at birth (years)]<>0), World[Life expectancy at birth (years)])),"No Value")} -> 50.168 | T32: {=IFERROR(MEDIAN( IF( (World[Country Name]=$I32)* (World[Year]=Year-2)* (World[GDP per capita (USD)]<>0), World[GDP per capita (USD)])),"No Value")} -> 265.34 | U32: {=IFERROR(MEDIAN( IF( (World[Country Name]=$I32)* (World[Year]=Year-2)* (World[Unemployment (% of total labor force) (modeled ILO estimate)]<>0), World[Unemployment (% of total labor force) (modeled ILO estimate)])),"No Value")} -> 2.533
G33: 1988 | I33: Burundi | J33: {=IFERROR(MEDIAN( IF( (World[Country Name]=$I33)* (World[Year]=Year)* (World[Infant mortality rate (per 1,000 live births)]<>0), World[Infant mortality rate (per 1,000 live births)])),"No Value")} -> 92.6 | K33: {=IFERROR(MEDIAN( IF( (World[Country Name]=$I33)* (World[Year]=Year)* (World[Life expectancy at birth (years)]<>0), World[Life expectancy at birth (years)])),"No data")} -> 49.93 | L33: {=IFERROR(MEDIAN( IF( (World[Country Name]=$I33)* (World[Year]=Year)* (World[GDP per capita (USD)]<>0), World[GDP per capita (USD)])),"No Value")} -> 134.363 | M33: {=IFERROR(MEDIAN( IF( (World[Country Name]=$I33)* (World[Year]=Year)* (World[Unemployment (% of total labor force) (modeled ILO estimate)]<>0), World[Unemployment (% of total labor force) (modeled ILO estimate)])),"No Value")} -> 2.062 | N33: {=IFERROR(MEDIAN( IF( (World[Country Name]=$I33)* (World[Year]=Year-1)* (World[Infant mortality rate (per 1,000 live births)]<>0), World[Infant mortality rate (per 1,000 live births)])),"No Value")} -> 95.7 | O33: {=IFERROR(MEDIAN( IF( (World[Country Name]=$I33)* (World[Year]=Year-1)* (World[Life expectancy at birth (years)]<>0), World[Life expectancy at birth (years)])),"No Value")} -> 49.091 | P33: {=IFERROR(MEDIAN( IF( (World[Country Name]=$I33)* (World[Year]=Year-1)* (World[GDP per capita (USD)]<>0), World[GDP per capita (USD)])),"No Value")} -> 136.464 | Q33: {=IFERROR(MEDIAN( IF( (World[Country Name]=$I33)* (World[Year]=Year-1)* (World[Unemployment (% of total labor force) (modeled ILO estimate)]<>0), World[Unemployment (% of total labor force) (modeled ILO estimate)])),"No Value")} -> 2.106 | R33: {=IFERROR(MEDIAN( IF( (World[Country Name]=$I33)* (World[Year]=Year-2)* (World[Infant mortality rate (per 1,000 live births)]<>0), World[Infant mortality rate (per 1,000 live births)])),"No Value")} -> 98.6 | S33: {=IFERROR(MEDIAN( IF( (World[Country Name]=$I33)* (World[Year]=Year-2)* (World[Life expectancy at birth (years)]<>0), World[Life expectancy at birth (years)])),"No Value")} -> 48.339 | T33: {=IFERROR(MEDIAN( IF( (World[Country Name]=$I33)* (World[Year]=Year-2)* (World[GDP per capita (USD)]<>0), World[GDP per capita (USD)])),"No Value")} -> 128.939 | U33: {=IFERROR(MEDIAN( IF( (World[Country Name]=$I33)* (World[Year]=Year-2)* (World[Unemployment (% of total labor force) (modeled ILO estimate)]<>0), World[Unemployment (% of total labor force) (modeled ILO estimate)])),"No Value")} -> 2.051
G34: 1987 | I34: Cabo Verde | J34: {=IFERROR(MEDIAN( IF( (World[Country Name]=$I34)* (World[Year]=Year)* (World[Infant mortality rate (per 1,000 live births)]<>0), World[Infant mortality rate (per 1,000 live births)])),"No Value")} -> 26.6 | K34: {=IFERROR(MEDIAN( IF( (World[Country Name]=$I34)* (World[Year]=Year)* (World[Life expectancy at birth (years)]<>0), World[Life expectancy at birth (years)])),"No data")} -> 69.099 | L34: {=IFERROR(MEDIAN( IF( (World[Country Name]=$I34)* (World[Year]=Year)* (World[GDP per capita (USD)]<>0), World[GDP per capita (USD)])),"No Value")} -> 1292.2 | M34: {=IFERROR(MEDIAN( IF( (World[Country Name]=$I34)* (World[Year]=Year)* (World[Unemployment (% of total labor force) (modeled ILO estimate)]<>0), World[Unemployment (% of total labor force) (modeled ILO estimate)])),"No Value")} -> 11.697 | N34: {=IFERROR(MEDIAN( IF( (World[Country Name]=$I34)* (World[Year]=Year-1)* (World[Infant mortality rate (per 1,000 live births)]<>0), World[Infant mortality rate (per 1,000 live births)])),"No Value")} -> 29.2 | O34: {=IFERROR(MEDIAN( IF( (World[Country Name]=$I34)* (World[Year]=Year-1)* (World[Life expectancy at birth (years)]<>0), World[Life expectancy at birth (years)])),"No Value")} -> 68.583 | P34: {=IFERROR(MEDIAN( IF( (World[Country Name]=$I34)* (World[Year]=Year-1)* (World[GDP per capita (USD)]<>0), World[GDP per capita (USD)])),"No Value")} -> 1259.32 | Q34: {=IFERROR(MEDIAN( IF( (World[Country Name]=$I34)* (World[Year]=Year-1)* (World[Unemployment (% of total labor force) (modeled ILO estimate)]<>0), World[Unemployment (% of total labor force) (modeled ILO estimate)])),"No Value")} -> 11.728 | R34: {=IFERROR(MEDIAN( IF( (World[Country Name]=$I34)* (World[Year]=Year-2)* (World[Infant mortality rate (per 1,000 live births)]<>0), World[Infant mortality rate (per 1,000 live births)])),"No Value")} -> 32.4 | S34: {=IFERROR(MEDIAN( IF( (World[Country Name]=$I34)* (World[Year]=Year-2)* (World[Life expectancy at birth (years)]<>0), World[Life expectancy at birth (years)])),"No Value")} -> 68.041 | T34: {=IFERROR(MEDIAN( IF( (World[Country Name]=$I34)* (World[Year]=Year-2)* (World[GDP per capita (USD)]<>0), World[GDP per capita (USD)])),"No Value")} -> 1409 | U34: {=IFERROR(MEDIAN( IF( (World[Country Name]=$I34)* (World[Year]=Year-2)* (World[Unemployment (% of total labor force) (modeled ILO estimate)]<>0), World[Unemployment (% of total labor force) (modeled ILO estimate)])),"No Value")} -> 11.655
G35: 1986 | I35: Cambodia | J35: {=IFERROR(MEDIAN( IF( (World[Country Name]=$I35)* (World[Year]=Year)* (World[Infant mortality rate (per 1,000 live births)]<>0), World[Infant mortality rate (per 1,000 live births)])),"No Value")} -> 73.8 | K35: {=IFERROR(MEDIAN( IF( (World[Country Name]=$I35)* (World[Year]=Year)* (World[Life expectancy at birth (years)]<>0), World[Life expectancy at birth (years)])),"No data")} -> 59.335 | L35: {=IFERROR(MEDIAN( IF( (World[Country Name]=$I35)* (World[Year]=Year)* (World[GDP per capita (USD)]<>0), World[GDP per capita (USD)])),"No Value")} -> 321.15 | M35: {=IFERROR(MEDIAN( IF( (World[Country Name]=$I35)* (World[Year]=Year)* (World[Unemployment (% of total labor force) (modeled ILO estimate)]<>0), World[Unemployment (% of total labor force) (modeled ILO estimate)])),"No Value")} -> 1.64 | N35: {=IFERROR(MEDIAN( IF( (World[Country Name]=$I35)* (World[Year]=Year-1)* (World[Infant mortality rate (per 1,000 live births)]<>0), World[Infant mortality rate (per 1,000 live births)])),"No Value")} -> 79.5 | O35: {=IFERROR(MEDIAN( IF( (World[Country Name]=$I35)* (World[Year]=Year-1)* (World[Life expectancy at birth (years)]<>0), World[Life expectancy at birth (years)])),"No Value")} -> 58.432 | P35: {=IFERROR(MEDIAN( IF( (World[Country Name]=$I35)* (World[Year]=Year-1)* (World[GDP per capita (USD)]<>0), World[GDP per capita (USD)])),"No Value")} -> 302.577 | Q35: {=IFERROR(MEDIAN( IF( (World[Country Name]=$I35)* (World[Year]=Year-1)* (World[Unemployment (% of total labor force) (modeled ILO estimate)]<>0), World[Unemployment (% of total labor force) (modeled ILO estimate)])),"No Value")} -> 2.45 | R35: {=IFERROR(MEDIAN( IF( (World[Country Name]=$I35)* (World[Year]=Year-2)* (World[Infant mortality rate (per 1,000 live births)]<>0), World[Infant mortality rate (per 1,000 live births)])),"No Value")} -> 83.5 | S35: {=IFERROR(MEDIAN( IF( (World[Country Name]=$I35)* (World[Year]=Year-2)* (World[Life expectancy at birth (years)]<>0), World[Life expectancy at birth (years)])),"No Value")} -> 57.604 | T35: {=IFERROR(MEDIAN( IF( (World[Country Name]=$I35)* (World[Year]=Year-2)* (World[GDP per capita (USD)]<>0), World[GDP per capita (USD)])),"No Value")} -> 295.903 | U35: {=IFERROR(MEDIAN( IF( (World[Country Name]=$I35)* (World[Year]=Year-2)* (World[Unemployment (% of total labor force) (modeled ILO estimate)]<>0), World[Unemployment (% of total labor force) (modeled ILO estimate)])),"No Value")} -> 2.552
G36: 1985 | I36: Cameroon | J36: {=IFERROR(MEDIAN( IF( (World[Country Name]=$I36)* (World[Year]=Year)* (World[Infant mortality rate (per 1,000 live births)]<>0), World[Infant mortality rate (per 1,000 live births)])),"No Value")} -> 88.6 | K36: {=IFERROR(MEDIAN( IF( (World[Country Name]=$I36)* (World[Year]=Year)* (World[Life expectancy at birth (years)]<>0), World[Life expectancy at birth (years)])),"No data")} -> 51.222 | L36: {=IFERROR(MEDIAN( IF( (World[Country Name]=$I36)* (World[Year]=Year)* (World[GDP per capita (USD)]<>0), World[GDP per capita (USD)])),"No Value")} -> 651.101 | M36: {=IFERROR(MEDIAN( IF( (World[Country Name]=$I36)* (World[Year]=Year)* (World[Unemployment (% of total labor force) (modeled ILO estimate)]<>0), World[Unemployment (% of total labor force) (modeled ILO estimate)])),"No Value")} -> 7.46 | N36: {=IFERROR(MEDIAN( IF( (World[Country Name]=$I36)* (World[Year]=Year-1)* (World[Infant mortality rate (per 1,000 live births)]<>0), World[Infant mortality rate (per 1,000 live births)])),"No Value")} -> 90.7 | O36: {=IFERROR(MEDIAN( IF( (World[Country Name]=$I36)* (World[Year]=Year-1)* (World[Life expectancy at birth (years)]<>0), World[Life expectancy at birth (years)])),"No Value")} -> 50.993 | P36: {=IFERROR(MEDIAN( IF( (World[Country Name]=$I36)* (World[Year]=Year-1)* (World[GDP per capita (USD)]<>0), World[GDP per capita (USD)])),"No Value")} -> 649.992 | Q36: {=IFERROR(MEDIAN( IF( (World[Country Name]=$I36)* (World[Year]=Year-1)* (World[Unemployment (% of total labor force) (modeled ILO estimate)]<>0), World[Unemployment (% of total labor force) (modeled ILO estimate)])),"No Value")} -> 7.618 | R36: {=IFERROR(MEDIAN( IF( (World[Country Name]=$I36)* (World[Year]=Year-2)* (World[Infant mortality rate (per 1,000 live births)]<>0), World[Infant mortality rate (per 1,000 live births)])),"No Value")} -> 92.3 | S36: {=IFERROR(MEDIAN( IF( (World[Country Name]=$I36)* (World[Year]=Year-2)* (World[Life expectancy at birth (years)]<>0), World[Life expectancy at birth (years)])),"No Value")} -> 50.878 | T36: {=IFERROR(MEDIAN( IF( (World[Country Name]=$I36)* (World[Year]=Year-2)* (World[GDP per capita (USD)]<>0), World[GDP per capita (USD)])),"No Value")} -> 740.997 | U36: {=IFERROR(MEDIAN( IF( (World[Country Name]=$I36)* (World[Year]=Year-2)* (World[Unemployment (% of total labor force) (modeled ILO estimate)]<>0), World[Unemployment (% of total labor force) (modeled ILO estimate)])),"No Value")} -> 8.124
G37: 1984 | I37: Canada | J37: {=IFERROR(MEDIAN( IF( (World[Country Name]=$I37)* (World[Year]=Year)* (World[Infant mortality rate (per 1,000 live births)]<>0), World[Infant mortality rate (per 1,000 live births)])),"No Value")} -> 5.2 | K37: {=IFERROR(MEDIAN( IF( (World[Country Name]=$I37)* (World[Year]=Year)* (World[Life expectancy at birth (years)]<>0), World[Life expectancy at birth (years)])),"No data")} -> 79.339 | L37: {=IFERROR(MEDIAN( IF( (World[Country Name]=$I37)* (World[Year]=Year)* (World[GDP per capita (USD)]<>0), World[GDP per capita (USD)])),"No Value")} -> 23738.2 | M37: {=IFERROR(MEDIAN( IF( (World[Country Name]=$I37)* (World[Year]=Year)* (World[Unemployment (% of total labor force) (modeled ILO estimate)]<>0), World[Unemployment (% of total labor force) (modeled ILO estimate)])),"No Value")} -> 7.219 | N37: {=IFERROR(MEDIAN( IF( (World[Country Name]=$I37)* (World[Year]=Year-1)* (World[Infant mortality rate (per 1,000 live births)]<>0), World[Infant mortality rate (per 1,000 live births)])),"No Value")} -> 5.3 | O37: {=IFERROR(MEDIAN( IF( (World[Country Name]=$I37)* (World[Year]=Year-1)* (World[Life expectancy at birth (years)]<>0), World[Life expectancy at birth (years)])),"No Value")} -> 79.1366 | P37: {=IFERROR(MEDIAN( IF( (World[Country Name]=$I37)* (World[Year]=Year-1)* (World[GDP per capita (USD)]<>0), World[GDP per capita (USD)])),"No Value")} -> 24190.2 | Q37: {=IFERROR(MEDIAN( IF( (World[Country Name]=$I37)* (World[Year]=Year-1)* (World[Unemployment (% of total labor force) (modeled ILO estimate)]<>0), World[Unemployment (% of total labor force) (modeled ILO estimate)])),"No Value")} -> 6.829 | R37: {=IFERROR(MEDIAN( IF( (World[Country Name]=$I37)* (World[Year]=Year-2)* (World[Infant mortality rate (per 1,000 live births)]<>0), World[Infant mortality rate (per 1,000 live births)])),"No Value")} -> 5.3 | S37: {=IFERROR(MEDIAN( IF( (World[Country Name]=$I37)* (World[Year]=Year-2)* (World[Life expectancy at birth (years)]<>0), World[Life expectancy at birth (years)])),"No Value")} -> 78.8854 | T37: {=IFERROR(MEDIAN( IF( (World[Country Name]=$I37)* (World[Year]=Year-2)* (World[GDP per capita (USD)]<>0), World[GDP per capita (USD)])),"No Value")} -> 22238.7 | U37: {=IFERROR(MEDIAN( IF( (World[Country Name]=$I37)* (World[Year]=Year-2)* (World[Unemployment (% of total labor force) (modeled ILO estimate)]<>0), World[Unemployment (% of total labor force) (modeled ILO estimate)])),"No Value")} -> 7.583
G38: 1983 | I38: Cayman Islands | J38: {=IFERROR(MEDIAN( IF( (World[Country Name]=$I38)* (World[Year]=Year)* (World[Infant mortality rate (per 1,000 live births)]<>0), World[Infant mortality rate (per 1,000 live births)])),"No Value")} -> No Value | K38: {=IFERROR(MEDIAN( IF( (World[Country Name]=$I38)* (World[Year]=Year)* (World[Life expectancy at birth (years)]<>0), World[Life expectancy at birth (years)])),"No data")} -> No data | L38: {=IFERROR(MEDIAN( IF( (World[Country Name]=$I38)* (World[Year]=Year)* (World[GDP per capita (USD)]<>0), World[GDP per capita (USD)])),"No Value")} -> No Value | M38: {=IFERROR(MEDIAN( IF( (World[Country Name]=$I38)* (World[Year]=Year)* (World[Unemployment (% of total labor force) (modeled ILO estimate)]<>0), World[Unemployment (% of total labor force) (modeled ILO estimate)])),"No Value")} -> No Value | N38: {=IFERROR(MEDIAN( IF( (World[Country Name]=$I38)* (World[Year]=Year-1)* (World[Infant mortality rate (per 1,000 live births)]<>0), World[Infant mortality rate (per 1,000 live births)])),"No Value")} -> No Value | O38: {=IFERROR(MEDIAN( IF( (World[Country Name]=$I38)* (World[Year]=Year-1)* (World[Life expectancy at birth (years)]<>0), World[Life expectancy at birth (years)])),"No Value")} -> No Value | P38: {=IFERROR(MEDIAN( IF( (World[Country Name]=$I38)* (World[Year]=Year-1)* (World[GDP per capita (USD)]<>0), World[GDP per capita (USD)])),"No Value")} -> No Value | Q38: {=IFERROR(MEDIAN( IF( (World[Country Name]=$I38)* (World[Year]=Year-1)* (World[Unemployment (% of total labor force) (modeled ILO estimate)]<>0), World[Unemployment (% of total labor force) (modeled ILO estimate)])),"No Value")} -> No Value | R38: {=IFERROR(MEDIAN( IF( (World[Country Name]=$I38)* (World[Year]=Year-2)* (World[Infant mortality rate (per 1,000 live births)]<>0), World[Infant mortality rate (per 1,000 live births)])),"No Value")} -> No Value | S38: {=IFERROR(MEDIAN( IF( (World[Country Name]=$I38)* (World[Year]=Year-2)* (World[Life expectancy at birth (years)]<>0), World[Life expectancy at birth (years)])),"No Value")} -> No Value | T38: {=IFERROR(MEDIAN( IF( (World[Country Name]=$I38)* (World[Year]=Year-2)* (World[GDP per capita (USD)]<>0), World[GDP per capita (USD)])),"No Value")} -> No Value | U38: {=IFERROR(MEDIAN( IF( (World[Country Name]=$I38)* (World[Year]=Year-2)* (World[Unemployment (% of total labor force) (modeled ILO estimate)]<>0), World[Unemployment (% of total labor force) (modeled ILO estimate)])),"No Value")} -> No Value
G39: 1982 | I39: Central African Republic | J39: {=IFERROR(MEDIAN( IF( (World[Country Name]=$I39)* (World[Year]=Year)* (World[Infant mortality rate (per 1,000 live births)]<>0), World[Infant mortality rate (per 1,000 live births)])),"No Value")} -> 110.7 | K39: {=IFERROR(MEDIAN( IF( (World[Country Name]=$I39)* (World[Year]=Year)* (World[Life expectancy at birth (years)]<>0), World[Life expectancy at birth (years)])),"No data")} -> 44.061 | L39: {=IFERROR(MEDIAN( IF( (World[Country Name]=$I39)* (World[Year]=Year)* (World[GDP per capita (USD)]<>0), World[GDP per capita (USD)])),"No Value")} -> 250.357 | M39: {=IFERROR(MEDIAN( IF( (World[Country Name]=$I39)* (World[Year]=Year)* (World[Unemployment (% of total labor force) (modeled ILO estimate)]<>0), World[Unemployment (% of total labor force) (modeled ILO estimate)])),"No Value")} -> 7.597 | N39: {=IFERROR(MEDIAN( IF( (World[Country Name]=$I39)* (World[Year]=Year-1)* (World[Infant mortality rate (per 1,000 live births)]<>0), World[Infant mortality rate (per 1,000 live births)])),"No Value")} -> 111.2 | O39: {=IFERROR(MEDIAN( IF( (World[Country Name]=$I39)* (World[Year]=Year-1)* (World[Life expectancy at birth (years)]<>0), World[Life expectancy at birth (years)])),"No Value")} -> 44.19 | P39: {=IFERROR(MEDIAN( IF( (World[Country Name]=$I39)* (World[Year]=Year-1)* (World[GDP per capita (USD)]<>0), World[GDP per capita (USD)])),"No Value")} -> 251.207 | Q39: {=IFERROR(MEDIAN( IF( (World[Country Name]=$I39)* (World[Year]=Year-1)* (World[Unemployment (% of total labor force) (modeled ILO estimate)]<>0), World[Unemployment (% of total labor force) (modeled ILO estimate)])),"No Value")} -> 7.591 | R39: {=IFERROR(MEDIAN( IF( (World[Country Name]=$I39)* (World[Year]=Year-2)* (World[Infant mortality rate (per 1,000 live births)]<>0), World[Infant mortality rate (per 1,000 live births)])),"No Value")} -> 111.8 | S39: {=IFERROR(MEDIAN( IF( (World[Country Name]=$I39)* (World[Year]=Year-2)* (World[Life expectancy at birth (years)]<>0), World[Life expectancy at birth (years)])),"No Value")} -> 44.461 | T39: {=IFERROR(MEDIAN( IF( (World[Country Name]=$I39)* (World[Year]=Year-2)* (World[GDP per capita (USD)]<>0), World[GDP per capita (USD)])),"No Value")} -> 280.909 | U39: {=IFERROR(MEDIAN( IF( (World[Country Name]=$I39)* (World[Year]=Year-2)* (World[Unemployment (% of total labor force) (modeled ILO estimate)]<>0), World[Unemployment (% of total labor force) (modeled ILO estimate)])),"No Value")} -> 7.609
G40: 1981 | I40: Chad | J40: {=IFERROR(MEDIAN( IF( (World[Country Name]=$I40)* (World[Year]=Year)* (World[Infant mortality rate (per 1,000 live births)]<>0), World[Infant mortality rate (per 1,000 live births)])),"No Value")} -> 99.1 | K40: {=IFERROR(MEDIAN( IF( (World[Country Name]=$I40)* (World[Year]=Year)* (World[Life expectancy at birth (years)]<>0), World[Life expectancy at birth (years)])),"No data")} -> 47.789 | L40: {=IFERROR(MEDIAN( IF( (World[Country Name]=$I40)* (World[Year]=Year)* (World[GDP per capita (USD)]<>0), World[GDP per capita (USD)])),"No Value")} -> 196.974 | M40: {=IFERROR(MEDIAN( IF( (World[Country Name]=$I40)* (World[Year]=Year)* (World[Unemployment (% of total labor force) (modeled ILO estimate)]<>0), World[Unemployment (% of total labor force) (modeled ILO estimate)])),"No Value")} -> 1.174 | N40: {=IFERROR(MEDIAN( IF( (World[Country Name]=$I40)* (World[Year]=Year-1)* (World[Infant mortality rate (per 1,000 live births)]<>0), World[Infant mortality rate (per 1,000 live births)])),"No Value")} -> 100.5 | O40: {=IFERROR(MEDIAN( IF( (World[Country Name]=$I40)* (World[Year]=Year-1)* (World[Life expectancy at birth (years)]<>0), World[Life expectancy at birth (years)])),"No Value")} -> 47.713 | P40: {=IFERROR(MEDIAN( IF( (World[Country Name]=$I40)* (World[Year]=Year-1)* (World[GDP per capita (USD)]<>0), World[GDP per capita (USD)])),"No Value")} -> 165.763 | Q40: {=IFERROR(MEDIAN( IF( (World[Country Name]=$I40)* (World[Year]=Year-1)* (World[Unemployment (% of total labor force) (modeled ILO estimate)]<>0), World[Unemployment (% of total labor force) (modeled ILO estimate)])),"No Value")} -> 1.277 | R40: {=IFERROR(MEDIAN( IF( (World[Country Name]=$I40)* (World[Year]=Year-2)* (World[Infant mortality rate (per 1,000 live births)]<>0), World[Infant mortality rate (per 1,000 live births)])),"No Value")} -> 101.9 | S40: {=IFERROR(MEDIAN( IF( (World[Country Name]=$I40)* (World[Year]=Year-2)* (World[Life expectancy at birth (years)]<>0), World[Life expectancy at birth (years)])),"No Value")} -> 47.657 | T40: {=IFERROR(MEDIAN( IF( (World[Country Name]=$I40)* (World[Year]=Year-2)* (World[GDP per capita (USD)]<>0), World[GDP per capita (USD)])),"No Value")} -> 190.559 | U40: {=IFERROR(MEDIAN( IF( (World[Country Name]=$I40)* (World[Year]=Year-2)* (World[Unemployment (% of total labor force) (modeled ILO estimate)]<>0), World[Unemployment (% of total labor force) (modeled ILO estimate)])),"No Value")} -> 1.226
... G61: 1960 | I61: El Salvador | J61: {=IFERROR(MEDIAN( IF( (World[Country Name]=$I61)* (World[Year]=Year)* (World[Infant mortality rate (per 1,000 live births)]<>0), World[Infant mortality rate (per 1,000 live births)])),"No Value")} -> 25.8 | K61: {=IFERROR(MEDIAN( IF( (World[Country Name]=$I61)* (World[Year]=Year)* (World[Life expectancy at birth (years)]<>0), World[Life expectancy at birth (years)])),"No data")} -> 69.162 | L61: {=IFERROR(MEDIAN( IF( (World[Country Name]=$I61)* (World[Year]=Year)* (World[GDP per capita (USD)]<>0), World[GDP per capita (USD)])),"No Value")} -> 2072.3 | M61: {=IFERROR(MEDIAN( IF( (World[Country Name]=$I61)* (World[Year]=Year)* (World[Unemployment (% of total labor force) (modeled ILO estimate)]<>0), World[Unemployment (% of total labor force) (modeled ILO estimate)])),"No Value")} -> 6.96 | N61: {=IFERROR(MEDIAN( IF( (World[Country Name]=$I61)* (World[Year]=Year-1)* (World[Infant mortality rate (per 1,000 live births)]<>0), World[Infant mortality rate (per 1,000 live births)])),"No Value")} -> 27.2 | O61: {=IFERROR(MEDIAN( IF( (World[Country Name]=$I61)* (World[Year]=Year-1)* (World[Life expectancy at birth (years)]<>0), World[Life expectancy at birth (years)])),"No Value")} -> 68.875 | P61: {=IFERROR(MEDIAN( IF( (World[Country Name]=$I61)* (World[Year]=Year-1)* (World[GDP per capita (USD)]<>0), World[GDP per capita (USD)])),"No Value")} -> 2001.54 | Q61: {=IFERROR(MEDIAN( IF( (World[Country Name]=$I61)* (World[Year]=Year-1)* (World[Unemployment (% of total labor force) (modeled ILO estimate)]<>0), World[Unemployment (% of total labor force) (modeled ILO estimate)])),"No Value")} -> 6.96 | R61: {=IFERROR(MEDIAN( IF( (World[Country Name]=$I61)* (World[Year]=Year-2)* (World[Infant mortality rate (per 1,000 live births)]<>0), World[Infant mortality rate (per 1,000 live births)])),"No Value")} -> 28.7 | S61: {=IFERROR(MEDIAN( IF( (World[Country Name]=$I61)* (World[Year]=Year-2)* (World[Life expectancy at birth (years)]<>0), World[Life expectancy at birth (years)])),"No Value")} -> 68.581 | T61: {=IFERROR(MEDIAN( IF( (World[Country Name]=$I61)* (World[Year]=Year-2)* (World[GDP per capita (USD)]<>0), World[GDP per capita (USD)])),"No Value")} -> 1930.62 | U61: {=IFERROR(MEDIAN( IF( (World[Country Name]=$I61)* (World[Year]=Year-2)* (World[Unemployment (% of total labor force) (modeled ILO estimate)]<>0), World[Unemployment (% of total labor force) (modeled ILO estimate)])),"No Value")} -> 6.68
I62: Equatorial Guinea | J62: {=IFERROR(MEDIAN( IF( (World[Country Name]=$I62)* (World[Year]=Year)* (World[Infant mortality rate (per 1,000 live births)]<>0), World[Infant mortality rate (per 1,000 live births)])),"No Value")} -> 105.1 | K62: {=IFERROR(MEDIAN( IF( (World[Country Name]=$I62)* (World[Year]=Year)* (World[Life expectancy at birth (years)]<>0), World[Life expectancy at birth (years)])),"No data")} -> 53.581 | L62: {=IFERROR(MEDIAN( IF( (World[Country Name]=$I62)* (World[Year]=Year)* (World[GDP per capita (USD)]<>0), World[GDP per capita (USD)])),"No Value")} -> 2313.15 | M62: {=IFERROR(MEDIAN( IF( (World[Country Name]=$I62)* (World[Year]=Year)* (World[Unemployment (% of total labor force) (modeled ILO estimate)]<>0), World[Unemployment (% of total labor force) (modeled ILO estimate)])),"No Value")} -> 8.171 | N62: {=IFERROR(MEDIAN( IF( (World[Country Name]=$I62)* (World[Year]=Year-1)* (World[Infant mortality rate (per 1,000 live births)]<>0), World[Infant mortality rate (per 1,000 live births)])),"No Value")} -> 107.7 | O62: {=IFERROR(MEDIAN( IF( (World[Country Name]=$I62)* (World[Year]=Year-1)* (World[Life expectancy at birth (years)]<>0), World[Life expectancy at birth (years)])),"No Value")} -> 53.279 | P62: {=IFERROR(MEDIAN( IF( (World[Country Name]=$I62)* (World[Year]=Year-1)* (World[GDP per capita (USD)]<>0), World[GDP per capita (USD)])),"No Value")} -> 1725.55 | Q62: {=IFERROR(MEDIAN( IF( (World[Country Name]=$I62)* (World[Year]=Year-1)* (World[Unemployment (% of total labor force) (modeled ILO estimate)]<>0), World[Unemployment (% of total labor force) (modeled ILO estimate)])),"No Value")} -> 8.063 | R62: {=IFERROR(MEDIAN( IF( (World[Country Name]=$I62)* (World[Year]=Year-2)* (World[Infant mortality rate (per 1,000 live births)]<>0), World[Infant mortality rate (per 1,000 live births)])),"No Value")} -> 110.2 | S62: {=IFERROR(MEDIAN( IF( (World[Country Name]=$I62)* (World[Year]=Year-2)* (World[Life expectancy at birth (years)]<>0), World[Life expectancy at birth (years)])),"No Value")} -> 52.93 | T62: {=IFERROR(MEDIAN( IF( (World[Country Name]=$I62)* (World[Year]=Year-2)* (World[GDP per capita (USD)]<>0), World[GDP per capita (USD)])),"No Value")} -> 1067.63 | U62: {=IFERROR(MEDIAN( IF( (World[Country Name]=$I62)* (World[Year]=Year-2)* (World[Unemployment (% of total labor force) (modeled ILO estimate)]<>0), World[Unemployment (% of total labor force) (modeled ILO estimate)])),"No Value")} -> 7.723
I63: Eritrea | J63: {=IFERROR(MEDIAN( IF( (World[Country Name]=$I63)* (World[Year]=Year)* (World[Infant mortality rate (per 1,000 live births)]<>0), World[Infant mortality rate (per 1,000 live births)])),"No Value")} -> 53.9 | K63: {=IFERROR(MEDIAN( IF( (World[Country Name]=$I63)* (World[Year]=Year)* (World[Life expectancy at birth (years)]<>0), World[Life expectancy at birth (years)])),"No data")} -> 55.864 | L63: {=IFERROR(MEDIAN( IF( (World[Country Name]=$I63)* (World[Year]=Year)* (World[GDP per capita (USD)]<>0), World[GDP per capita (USD)])),"No Value")} -> 316.824 | M63: {=IFERROR(MEDIAN( IF( (World[Country Name]=$I63)* (World[Year]=Year)* (World[Unemployment (% of total labor force) (modeled ILO estimate)]<>0), World[Unemployment (% of total labor force) (modeled ILO estimate)])),"No Value")} -> 6.446 | N63: {=IFERROR(MEDIAN( IF( (World[Country Name]=$I63)* (World[Year]=Year-1)* (World[Infant mortality rate (per 1,000 live births)]<>0), World[Infant mortality rate (per 1,000 live births)])),"No Value")} -> 56.3 | O63: {=IFERROR(MEDIAN( IF( (World[Country Name]=$I63)* (World[Year]=Year-1)* (World[Life expectancy at birth (years)]<>0), World[Life expectancy at birth (years)])),"No Value")} -> 55.273 | P63: {=IFERROR(MEDIAN( IF( (World[Country Name]=$I63)* (World[Year]=Year-1)* (World[GDP per capita (USD)]<>0), World[GDP per capita (USD)])),"No Value")} -> 308.134 | Q63: {=IFERROR(MEDIAN( IF( (World[Country Name]=$I63)* (World[Year]=Year-1)* (World[Unemployment (% of total labor force) (modeled ILO estimate)]<>0), World[Unemployment (% of total labor force) (modeled ILO estimate)])),"No Value")} -> 6.861 | R63: {=IFERROR(MEDIAN( IF( (World[Country Name]=$I63)* (World[Year]=Year-2)* (World[Infant mortality rate (per 1,000 live births)]<>0), World[Infant mortality rate (per 1,000 live births)])),"No Value")} -> 58.9 | S63: {=IFERROR(MEDIAN( IF( (World[Country Name]=$I63)* (World[Year]=Year-2)* (World[Life expectancy at birth (years)]<>0), World[Life expectancy at birth (years)])),"No Value")} -> 54.707 | T63: {=IFERROR(MEDIAN( IF( (World[Country Name]=$I63)* (World[Year]=Year-2)* (World[GDP per capita (USD)]<>0), World[GDP per capita (USD)])),"No Value")} -> 307.911 | U63: {=IFERROR(MEDIAN( IF( (World[Country Name]=$I63)* (World[Year]=Year-2)* (World[Unemployment (% of total labor force) (modeled ILO estimate)]<>0), World[Unemployment (% of total labor force) (modeled ILO estimate)])),"No Value")} -> 6.446
I64: Estonia | J64: {=IFERROR(MEDIAN( IF( (World[Country Name]=$I64)* (World[Year]=Year)* (World[Infant mortality rate (per 1,000 live births)]<>0), World[Infant mortality rate (per 1,000 live births)])),"No Value")} -> 8 | K64: {=IFERROR(MEDIAN( IF( (World[Country Name]=$I64)* (World[Year]=Year)* (World[Life expectancy at birth (years)]<>0), World[Life expectancy at birth (years)])),"No data")} -> 70.2585 | L64: {=IFERROR(MEDIAN( IF( (World[Country Name]=$I64)* (World[Year]=Year)* (World[GDP per capita (USD)]<>0), World[GDP per capita (USD)])),"No Value")} -> 4498.96 | M64: {=IFERROR(MEDIAN( IF( (World[Country Name]=$I64)* (World[Year]=Year)* (World[Unemployment (% of total labor force) (modeled ILO estimate)]<>0), World[Unemployment (% of total labor force) (modeled ILO estimate)])),"No Value")} -> 13.134 | N64: {=IFERROR(MEDIAN( IF( (World[Country Name]=$I64)* (World[Year]=Year-1)* (World[Infant mortality rate (per 1,000 live births)]<>0), World[Infant mortality rate (per 1,000 live births)])),"No Value")} -> 8.7 | O64: {=IFERROR(MEDIAN( IF( (World[Country Name]=$I64)* (World[Year]=Year-1)* (World[Life expectancy at birth (years)]<>0), World[Life expectancy at birth (years)])),"No Value")} -> 70.4171 | P64: {=IFERROR(MEDIAN( IF( (World[Country Name]=$I64)* (World[Year]=Year-1)* (World[GDP per capita (USD)]<>0), World[GDP per capita (USD)])),"No Value")} -> 4070.03 | Q64: {=IFERROR(MEDIAN( IF( (World[Country Name]=$I64)* (World[Year]=Year-1)* (World[Unemployment (% of total labor force) (modeled ILO estimate)]<>0), World[Unemployment (% of total labor force) (modeled ILO estimate)])),"No Value")} -> 13.36 | R64: {=IFERROR(MEDIAN( IF( (World[Country Name]=$I64)* (World[Year]=Year-2)* (World[Infant mortality rate (per 1,000 live births)]<>0), World[Infant mortality rate (per 1,000 live births)])),"No Value")} -> 9.4 | S64: {=IFERROR(MEDIAN( IF( (World[Country Name]=$I64)* (World[Year]=Year-2)* (World[Life expectancy at birth (years)]<>0), World[Life expectancy at birth (years)])),"No Value")} -> 70.0634 | T64: {=IFERROR(MEDIAN( IF( (World[Country Name]=$I64)* (World[Year]=Year-2)* (World[GDP per capita (USD)]<>0), World[GDP per capita (USD)])),"No Value")} -> 4119.35 | U64: {=IFERROR(MEDIAN( IF( (World[Country Name]=$I64)* (World[Year]=Year-2)* (World[Unemployment (% of total labor force) (modeled ILO estimate)]<>0), World[Unemployment (% of total labor force) (modeled ILO estimate)])),"No Value")} -> 11.573
I65: Eswatini | J65: {=IFERROR(MEDIAN( IF( (World[Country Name]=$I65)* (World[Year]=Year)* (World[Infant mortality rate (per 1,000 live births)]<>0), World[Infant mortality rate (per 1,000 live births)])),"No Value")} -> 81.3 | K65: {=IFERROR(MEDIAN( IF( (World[Country Name]=$I65)* (World[Year]=Year)* (World[Life expectancy at birth (years)]<>0), World[Life expectancy at birth (years)])),"No data")} -> 45.799 | L65: {=IFERROR(MEDIAN( IF( (World[Country Name]=$I65)* (World[Year]=Year)* (World[GDP per capita (USD)]<>0), World[GDP per capita (USD)])),"No Value")} -> 1521.77 | M65: {=IFERROR(MEDIAN( IF( (World[Country Name]=$I65)* (World[Year]=Year)* (World[Unemployment (% of total labor force) (modeled ILO estimate)]<>0), World[Unemployment (% of total labor force) (modeled ILO estimate)])),"No Value")} -> 25.442 | N65: {=IFERROR(MEDIAN( IF( (World[Country Name]=$I65)* (World[Year]=Year-1)* (World[Infant mortality rate (per 1,000 live births)]<>0), World[Infant mortality rate (per 1,000 live births)])),"No Value")} -> 79.8 | O65: {=IFERROR(MEDIAN( IF( (World[Country Name]=$I65)* (World[Year]=Year-1)* (World[Life expectancy at birth (years)]<>0), World[Life expectancy at birth (years)])),"No Value")} -> 47.49 | P65: {=IFERROR(MEDIAN( IF( (World[Country Name]=$I65)* (World[Year]=Year-1)* (World[GDP per capita (USD)]<>0), World[GDP per capita (USD)])),"No Value")} -> 1728.71 | Q65: {=IFERROR(MEDIAN( IF( (World[Country Name]=$I65)* (World[Year]=Year-1)* (World[Unemployment (% of total labor force) (modeled ILO estimate)]<>0), World[Unemployment (% of total labor force) (modeled ILO estimate)])),"No Value")} -> 24.909 | R65: {=IFERROR(MEDIAN( IF( (World[Country Name]=$I65)* (World[Year]=Year-2)* (World[Infant mortality rate (per 1,000 live births)]<>0), World[Infant mortality rate (per 1,000 live births)])),"No Value")} -> 77.3 | S65: {=IFERROR(MEDIAN( IF( (World[Country Name]=$I65)* (World[Year]=Year-2)* (World[Life expectancy at birth (years)]<>0), World[Life expectancy at birth (years)])),"No Value")} -> 49.424 | T65: {=IFERROR(MEDIAN( IF( (World[Country Name]=$I65)* (World[Year]=Year-2)* (World[GDP per capita (USD)]<>0), World[GDP per capita (USD)])),"No Value")} -> 1557.06 | U65: {=IFERROR(MEDIAN( IF( (World[Country Name]=$I65)* (World[Year]=Year-2)* (World[Unemployment (% of total labor force) (modeled ILO estimate)]<>0), World[Unemployment (% of total labor force) (modeled ILO estimate)])),"No Value")} -> 23.97
I66: Ethiopia | J66: {=IFERROR(MEDIAN( IF( (World[Country Name]=$I66)* (World[Year]=Year)* (World[Infant mortality rate (per 1,000 live births)]<>0), World[Infant mortality rate (per 1,000 live births)])),"No Value")} -> 84.5 | K66: {=IFERROR(MEDIAN( IF( (World[Country Name]=$I66)* (World[Year]=Year)* (World[Life expectancy at birth (years)]<>0), World[Life expectancy at birth (years)])),"No data")} -> 52.595 | L66: {=IFERROR(MEDIAN( IF( (World[Country Name]=$I66)* (World[Year]=Year)* (World[GDP per capita (USD)]<>0), World[GDP per capita (USD)])),"No Value")} -> 120.766 | M66: {=IFERROR(MEDIAN( IF( (World[Country Name]=$I66)* (World[Year]=Year)* (World[Unemployment (% of total labor force) (modeled ILO estimate)]<>0), World[Unemployment (% of total labor force) (modeled ILO estimate)])),"No Value")} -> 3.209 | N66: {=IFERROR(MEDIAN( IF( (World[Country Name]=$I66)* (World[Year]=Year-1)* (World[Infant mortality rate (per 1,000 live births)]<>0), World[Infant mortality rate (per 1,000 live births)])),"No Value")} -> 87.8 | O66: {=IFERROR(MEDIAN( IF( (World[Country Name]=$I66)* (World[Year]=Year-1)* (World[Life expectancy at birth (years)]<>0), World[Life expectancy at birth (years)])),"No Value")} -> 51.941 | P66: {=IFERROR(MEDIAN( IF( (World[Country Name]=$I66)* (World[Year]=Year-1)* (World[GDP per capita (USD)]<>0), World[GDP per capita (USD)])),"No Value")} -> 124.461 | Q66: {=IFERROR(MEDIAN( IF( (World[Country Name]=$I66)* (World[Year]=Year-1)* (World[Unemployment (% of total labor force) (modeled ILO estimate)]<>0), World[Unemployment (% of total labor force) (modeled ILO estimate)])),"No Value")} -> 3.441 | R66: {=IFERROR(MEDIAN( IF( (World[Country Name]=$I66)* (World[Year]=Year-2)* (World[Infant mortality rate (per 1,000 live births)]<>0), World[Infant mortality rate (per 1,000 live births)])),"No Value")} -> 91 | S66: {=IFERROR(MEDIAN( IF( (World[Country Name]=$I66)* (World[Year]=Year-2)* (World[Life expectancy at birth (years)]<>0), World[Life expectancy at birth (years)])),"No Value")} -> 51.366 | T66: {=IFERROR(MEDIAN( IF( (World[Country Name]=$I66)* (World[Year]=Year-2)* (World[GDP per capita (USD)]<>0), World[GDP per capita (USD)])),"No Value")} -> 119.684 | U66: {=IFERROR(MEDIAN( IF( (World[Country Name]=$I66)* (World[Year]=Year-2)* (World[Unemployment (% of total labor force) (modeled ILO estimate)]<>0), World[Unemployment (% of total labor force) (modeled ILO estimate)])),"No Value")} -> 3.714
I67: Faroe Islands | J67: {=IFERROR(MEDIAN( IF( (World[Country Name]=$I67)* (World[Year]=Year)* (World[Infant mortality rate (per 1,000 live births)]<>0), World[Infant mortality rate (per 1,000 live births)])),"No Value")} -> No Value | K67: {=IFERROR(MEDIAN( IF( (World[Country Name]=$I67)* (World[Year]=Year)* (World[Life expectancy at birth (years)]<>0), World[Life expectancy at birth (years)])),"No data")} -> 78.6366 | L67: {=IFERROR(MEDIAN( IF( (World[Country Name]=$I67)* (World[Year]=Year)* (World[GDP per capita (USD)]<>0), World[GDP per capita (USD)])),"No Value")} -> 24419.7 | M67: {=IFERROR(MEDIAN( IF( (World[Country Name]=$I67)* (World[Year]=Year)* (World[Unemployment (% of total labor force) (modeled ILO estimate)]<>0), World[Unemployment (% of total labor force) (modeled ILO estimate)])),"No Value")} -> No Value | N67: {=IFERROR(MEDIAN( IF( (World[Country Name]=$I67)* (World[Year]=Year-1)* (World[Infant mortality rate (per 1,000 live births)]<>0), World[Infant mortality rate (per 1,000 live births)])),"No Value")} -> No Value | O67: {=IFERROR(MEDIAN( IF( (World[Country Name]=$I67)* (World[Year]=Year-1)* (World[Life expectancy at birth (years)]<>0), World[Life expectancy at birth (years)])),"No Value")} -> 78.4341 | P67: {=IFERROR(MEDIAN( IF( (World[Country Name]=$I67)* (World[Year]=Year-1)* (World[GDP per capita (USD)]<>0), World[GDP per capita (USD)])),"No Value")} -> 22653.3 | Q67: {=IFERROR(MEDIAN( IF( (World[Country Name]=$I67)* (World[Year]=Year-1)* (World[Unemployment (% of total labor force) (modeled ILO estimate)]<>0), World[Unemployment (% of total labor force) (modeled ILO estimate)])),"No Value")} -> No Value | R67: {=IFERROR(MEDIAN( IF( (World[Country Name]=$I67)* (World[Year]=Year-2)* (World[Infant mortality rate (per 1,000 live births)]<>0), World[Infant mortality rate (per 1,000 live births)])),"No Value")} -> No Value | S67: {=IFERROR(MEDIAN( IF( (World[Country Name]=$I67)* (World[Year]=Year-2)* (World[Life expectancy at birth (years)]<>0), World[Life expectancy at birth (years)])),"No Value")} -> 78.2805 | T67: {=IFERROR(MEDIAN( IF( (World[Country Name]=$I67)* (World[Year]=Year-2)* (World[GDP per capita (USD)]<>0), World[GDP per capita (USD)])),"No Value")} -> 24125.3 | U67: {=IFERROR(MEDIAN( IF( (World[Country Name]=$I67)* (World[Year]=Year-2)* (World[Unemployment (% of total labor force) (modeled ILO estimate)]<>0), World[Unemployment (% of total labor force) (modeled ILO estimate)])),"No Value")} -> No Value
I68: Fiji | J68: {=IFERROR(MEDIAN( IF( (World[Country Name]=$I68)* (World[Year]=Year)* (World[Infant mortality rate (per 1,000 live births)]<>0), World[Infant mortality rate (per 1,000 live births)])),"No Value")} -> 19.1 | K68: {=IFERROR(MEDIAN( IF( (World[Country Name]=$I68)* (World[Year]=Year)* (World[Life expectancy at birth (years)]<>0), World[Life expectancy at birth (years)])),"No data")} -> 65.863 | L68: {=IFERROR(MEDIAN( IF( (World[Country Name]=$I68)* (World[Year]=Year)* (World[GDP per capita (USD)]<>0), World[GDP per capita (USD)])),"No Value")} -> 2039.63 | M68: {=IFERROR(MEDIAN( IF( (World[Country Name]=$I68)* (World[Year]=Year)* (World[Unemployment (% of total labor force) (modeled ILO estimate)]<>0), World[Unemployment (% of total labor force) (modeled ILO estimate)])),"No Value")} -> 4.148 | N68: {=IFERROR(MEDIAN( IF( (World[Country Name]=$I68)* (World[Year]=Year-1)* (World[Infant mortality rate (per 1,000 live births)]<>0), World[Infant mortality rate (per 1,000 live births)])),"No Value")} -> 19.3 | O68: {=IFERROR(MEDIAN( IF( (World[Country Name]=$I68)* (World[Year]=Year-1)* (World[Life expectancy at birth (years)]<>0), World[Life expectancy at birth (years)])),"No Value")} -> 65.687 | P68: {=IFERROR(MEDIAN( IF( (World[Country Name]=$I68)* (World[Year]=Year-1)* (World[GDP per capita (USD)]<>0), World[GDP per capita (USD)])),"No Value")} -> 2076.57 | Q68: {=IFERROR(MEDIAN( IF( (World[Country Name]=$I68)* (World[Year]=Year-1)* (World[Unemployment (% of total labor force) (modeled ILO estimate)]<>0), World[Unemployment (% of total labor force) (modeled ILO estimate)])),"No Value")} -> 4.146 | R68: {=IFERROR(MEDIAN( IF( (World[Country Name]=$I68)* (World[Year]=Year-2)* (World[Infant mortality rate (per 1,000 live births)]<>0), World[Infant mortality rate (per 1,000 live births)])),"No Value")} -> 19.6 | S68: {=IFERROR(MEDIAN( IF( (World[Country Name]=$I68)* (World[Year]=Year-2)* (World[Life expectancy at birth (years)]<>0), World[Life expectancy at birth (years)])),"No Value")} -> 65.512 | T68: {=IFERROR(MEDIAN( IF( (World[Country Name]=$I68)* (World[Year]=Year-2)* (World[GDP per capita (USD)]<>0), World[GDP per capita (USD)])),"No Value")} -> 2408.74 | U68: {=IFERROR(MEDIAN( IF( (World[Country Name]=$I68)* (World[Year]=Year-2)* (World[Unemployment (% of total labor force) (modeled ILO estimate)]<>0), World[Unemployment (% of total labor force) (modeled ILO estimate)])),"No Value")} -> 4.118
I69: Finland | J69: {=IFERROR(MEDIAN( IF( (World[Country Name]=$I69)* (World[Year]=Year)* (World[Infant mortality rate (per 1,000 live births)]<>0), World[Infant mortality rate (per 1,000 live births)])),"No Value")} -> 3.4 | K69: {=IFERROR(MEDIAN( IF( (World[Country Name]=$I69)* (World[Year]=Year)* (World[Life expectancy at birth (years)]<>0), World[Life expectancy at birth (years)])),"No data")} -> 77.9659 | L69: {=IFERROR(MEDIAN( IF( (World[Country Name]=$I69)* (World[Year]=Year)* (World[GDP per capita (USD)]<>0), World[GDP per capita (USD)])),"No Value")} -> 24913.2 | M69: {=IFERROR(MEDIAN( IF( (World[Country Name]=$I69)* (World[Year]=Year)* (World[Unemployment (% of total labor force) (modeled ILO estimate)]<>0), World[Unemployment (% of total labor force) (modeled ILO estimate)])),"No Value")} -> 10.29 | N69: {=IFERROR(MEDIAN( IF( (World[Country Name]=$I69)* (World[Year]=Year-1)* (World[Infant mortality rate (per 1,000 live births)]<>0), World[Infant mortality rate (per 1,000 live births)])),"No Value")} -> 3.5 | O69: {=IFERROR(MEDIAN( IF( (World[Country Name]=$I69)* (World[Year]=Year-1)* (World[Life expectancy at birth (years)]<>0), World[Life expectancy at birth (years)])),"No Value")} -> 77.4659 | P69: {=IFERROR(MEDIAN( IF( (World[Country Name]=$I69)* (World[Year]=Year-1)* (World[GDP per capita (USD)]<>0), World[GDP per capita (USD)])),"No Value")} -> 24253.3 | Q69: {=IFERROR(MEDIAN( IF( (World[Country Name]=$I69)* (World[Year]=Year-1)* (World[Unemployment (% of total labor force) (modeled ILO estimate)]<>0), World[Unemployment (% of total labor force) (modeled ILO estimate)])),"No Value")} -> 11.134 | R69: {=IFERROR(MEDIAN( IF( (World[Country Name]=$I69)* (World[Year]=Year-2)* (World[Infant mortality rate (per 1,000 live births)]<>0), World[Infant mortality rate (per 1,000 live births)])),"No Value")} -> 3.6 | S69: {=IFERROR(MEDIAN( IF( (World[Country Name]=$I69)* (World[Year]=Year-2)* (World[Life expectancy at birth (years)]<>0), World[Life expectancy at birth (years)])),"No Value")} -> 77.2912 | T69: {=IFERROR(MEDIAN( IF( (World[Country Name]=$I69)* (World[Year]=Year-2)* (World[GDP per capita (USD)]<>0), World[GDP per capita (USD)])),"No Value")} -> 26178.8 | U69: {=IFERROR(MEDIAN( IF( (World[Country Name]=$I69)* (World[Year]=Year-2)* (World[Unemployment (% of total labor force) (modeled ILO estimate)]<>0), World[Unemployment (% of total labor force) (modeled ILO estimate)])),"No Value")} -> 11.693
I70: France | J70: {=IFERROR(MEDIAN( IF( (World[Country Name]=$I70)* (World[Year]=Year)* (World[Infant mortality rate (per 1,000 live births)]<>0), World[Infant mortality rate (per 1,000 live births)])),"No Value")} -> 4.3 | K70: {=IFERROR(MEDIAN( IF( (World[Country Name]=$I70)* (World[Year]=Year)* (World[Life expectancy at birth (years)]<>0), World[Life expectancy at birth (years)])),"No data")} -> 79.1585 | L70: {=IFERROR(MEDIAN( IF( (World[Country Name]=$I70)* (World[Year]=Year)* (World[GDP per capita (USD)]<>0), World[GDP per capita (USD)])),"No Value")} -> 22433.6 | M70: {=IFERROR(MEDIAN( IF( (World[Country Name]=$I70)* (World[Year]=Year)* (World[Unemployment (% of total labor force) (modeled ILO estimate)]<>0), World[Unemployment (% of total labor force) (modeled ILO estimate)])),"No Value")} -> 8.61 | N70: {=IFERROR(MEDIAN( IF( (World[Country Name]=$I70)* (World[Year]=Year-1)* (World[Infant mortality rate (per 1,000 live births)]<>0), World[Infant mortality rate (per 1,000 live births)])),"No Value")} -> 4.4 | O70: {=IFERROR(MEDIAN( IF( (World[Country Name]=$I70)* (World[Year]=Year-1)* (World[Life expectancy at birth (years)]<>0), World[Life expectancy at birth (years)])),"No Value")} -> 79.0561 | P70: {=IFERROR(MEDIAN( IF( (World[Country Name]=$I70)* (World[Year]=Year-1)* (World[GDP per capita (USD)]<>0), World[GDP per capita (USD)])),"No Value")} -> 22364 | Q70: {=IFERROR(MEDIAN( IF( (World[Country Name]=$I70)* (World[Year]=Year-1)* (World[Unemployment (% of total labor force) (modeled ILO estimate)]<>0), World[Unemployment (% of total labor force) (modeled ILO estimate)])),"No Value")} -> 10.217 | R70: {=IFERROR(MEDIAN( IF( (World[Country Name]=$I70)* (World[Year]=Year-2)* (World[Infant mortality rate (per 1,000 live births)]<>0), World[Infant mortality rate (per 1,000 live births)])),"No Value")} -> 4.5 | S70: {=IFERROR(MEDIAN( IF( (World[Country Name]=$I70)* (World[Year]=Year-2)* (World[Life expectancy at birth (years)]<>0), World[Life expectancy at birth (years)])),"No Value")} -> 78.7561 | T70: {=IFERROR(MEDIAN( IF( (World[Country Name]=$I70)* (World[Year]=Year-2)* (World[GDP per capita (USD)]<>0), World[GDP per capita (USD)])),"No Value")} -> 24673.2 | U70: {=IFERROR(MEDIAN( IF( (World[Country Name]=$I70)* (World[Year]=Year-2)* (World[Unemployment (% of total labor force) (modeled ILO estimate)]<>0), World[Unemployment (% of total labor force) (modeled ILO estimate)])),"No Value")} -> 11.981
I71: French Polynesia | J71: {=IFERROR(MEDIAN( IF( (World[Country Name]=$I71)* (World[Year]=Year)* (World[Infant mortality rate (per 1,000 live births)]<>0), World[Infant mortality rate (per 1,000 live births)])),"No Value")} -> No Value | K71: {=IFERROR(MEDIAN( IF( (World[Country Name]=$I71)* (World[Year]=Year)* (World[Life expectancy at birth (years)]<>0), World[Life expectancy at birth (years)])),"No data")} -> 72.658 | L71: {=IFERROR(MEDIAN( IF( (World[Country Name]=$I71)* (World[Year]=Year)* (World[GDP per capita (USD)]<>0), World[GDP per capita (USD)])),"No Value")} -> No Value | M71: {=IFERROR(MEDIAN( IF( (World[Country Name]=$I71)* (World[Year]=Year)* (World[Unemployment (% of total labor force) (modeled ILO estimate)]<>0), World[Unemployment (% of total labor force) (modeled ILO estimate)])),"No Value")} -> 11.63 | N71: {=IFERROR(MEDIAN( IF( (World[Country Name]=$I71)* (World[Year]=Year-1)* (World[Infant mortality rate (per 1,000 live births)]<>0), World[Infant mortality rate (per 1,000 live births)])),"No Value")} -> No Value | O71: {=IFERROR(MEDIAN( IF( (World[Country Name]=$I71)* (World[Year]=Year-1)* (World[Life expectancy at birth (years)]<>0), World[Life expectancy at birth (years)])),"No Value")} -> 72.303 | P71: {=IFERROR(MEDIAN( IF( (World[Country Name]=$I71)* (World[Year]=Year-1)* (World[GDP per capita (USD)]<>0), World[GDP per capita (USD)])),"No Value")} -> 14323.8 | Q71: {=IFERROR(MEDIAN( IF( (World[Country Name]=$I71)* (World[Year]=Year-1)* (World[Unemployment (% of total labor force) (modeled ILO estimate)]<>0), World[Unemployment (% of total labor force) (modeled ILO estimate)])),"No Value")} -> 11.707 | R71: {=IFERROR(MEDIAN( IF( (World[Country Name]=$I71)* (World[Year]=Year-2)* (World[Infant mortality rate (per 1,000 live births)]<>0), World[Infant mortality rate (per 1,000 live births)])),"No Value")} -> No Value | S71: {=IFERROR(MEDIAN( IF( (World[Country Name]=$I71)* (World[Year]=Year-2)* (World[Life expectancy at birth (years)]<>0), World[Life expectancy at birth (years)])),"No Value")} -> 71.946 | T71: {=IFERROR(MEDIAN( IF( (World[Country Name]=$I71)* (World[Year]=Year-2)* (World[GDP per capita (USD)]<>0), World[GDP per capita (USD)])),"No Value")} -> 16074 | U71: {=IFERROR(MEDIAN( IF( (World[Country Name]=$I71)* (World[Year]=Year-2)* (World[Unemployment (% of total labor force) (modeled ILO estimate)]<>0), World[Unemployment (% of total labor force) (modeled ILO estimate)])),"No Value")} -> 11.794
I72: Gabon | J72: {=IFERROR(MEDIAN( IF( (World[Country Name]=$I72)* (World[Year]=Year)* (World[Infant mortality rate (per 1,000 live births)]<>0), World[Infant mortality rate (per 1,000 live births)])),"No Value")} -> 53.4 | K72: {=IFERROR(MEDIAN( IF( (World[Country Name]=$I72)* (World[Year]=Year)* (World[Life expectancy at birth (years)]<>0), World[Life expectancy at birth (years)])),"No data")} -> 57.968 | L72: {=IFERROR(MEDIAN( IF( (World[Country Name]=$I72)* (World[Year]=Year)* (World[GDP per capita (USD)]<>0), World[GDP per capita (USD)])),"No Value")} -> 3989.56 | M72: {=IFERROR(MEDIAN( IF( (World[Country Name]=$I72)* (World[Year]=Year)* (World[Unemployment (% of total labor force) (modeled ILO estimate)]<>0), World[Unemployment (% of total labor force) (modeled ILO estimate)])),"No Value")} -> 17.399 | N72: {=IFERROR(MEDIAN( IF( (World[Country Name]=$I72)* (World[Year]=Year-1)* (World[Infant mortality rate (per 1,000 live births)]<>0), World[Infant mortality rate (per 1,000 live births)])),"No Value")} -> 54.4 | O72: {=IFERROR(MEDIAN( IF( (World[Country Name]=$I72)* (World[Year]=Year-1)* (World[Life expectancy at birth (years)]<>0), World[Life expectancy at birth (years)])),"No Value")} -> 58.264 | P72: {=IFERROR(MEDIAN( IF( (World[Country Name]=$I72)* (World[Year]=Year-1)* (World[GDP per capita (USD)]<>0), World[GDP per capita (USD)])),"No Value")} -> 4125.72 | Q72: {=IFERROR(MEDIAN( IF( (World[Country Name]=$I72)* (World[Year]=Year-1)* (World[Unemployment (% of total labor force) (modeled ILO estimate)]<>0), World[Unemployment (% of total labor force) (modeled ILO estimate)])),"No Value")} -> 17.623 | R72: {=IFERROR(MEDIAN( IF( (World[Country Name]=$I72)* (World[Year]=Year-2)* (World[Infant mortality rate (per 1,000 live births)]<>0), World[Infant mortality rate (per 1,000 live births)])),"No Value")} -> 55.3 | S72: {=IFERROR(MEDIAN( IF( (World[Country Name]=$I72)* (World[Year]=Year-2)* (World[Life expectancy at birth (years)]<>0), World[Life expectancy at birth (years)])),"No Value")} -> 58.646 | T72: {=IFERROR(MEDIAN( IF( (World[Country Name]=$I72)* (World[Year]=Year-2)* (World[GDP per capita (USD)]<>0), World[GDP per capita (USD)])),"No Value")} -> 3888.9 | U72: {=IFERROR(MEDIAN( IF( (World[Country Name]=$I72)* (World[Year]=Year-2)* (World[Unemployment (% of total labor force) (modeled ILO estimate)]<>0), World[Unemployment (% of total labor force) (modeled ILO estimate)])),"No Value")} -> 17.683
I73: Gambia, The | J73: {=IFERROR(MEDIAN( IF( (World[Country Name]=$I73)* (World[Year]=Year)* (World[Infant mortality rate (per 1,000 live births)]<>0), World[Infant mortality rate (per 1,000 live births)])),"No Value")} -> 60.4 | K73: {=IFERROR(MEDIAN( IF( (World[Country Name]=$I73)* (World[Year]=Year)* (World[Life expectancy at birth (years)]<>0), World[Life expectancy at birth (years)])),"No data")} -> 56.359 | L73: {=IFERROR(MEDIAN( IF( (World[Country Name]=$I73)* (World[Year]=Year)* (World[GDP per capita (USD)]<>0), World[GDP per capita (USD)])),"No Value")} -> 505.42 | M73: {=IFERROR(MEDIAN( IF( (World[Country Name]=$I73)* (World[Year]=Year)* (World[Unemployment (% of total labor force) (modeled ILO estimate)]<>0), World[Unemployment (% of total labor force) (modeled ILO estimate)])),"No Value")} -> 10.357 | N73: {=IFERROR(MEDIAN( IF( (World[Country Name]=$I73)* (World[Year]=Year-1)* (World[Infant mortality rate (per 1,000 live births)]<>0), World[Infant mortality rate (per 1,000 live births)])),"No Value")} -> 62.1 | O73: {=IFERROR(MEDIAN( IF( (World[Country Name]=$I73)* (World[Year]=Year-1)* (World[Life expectancy at birth (years)]<>0), World[Life expectancy at birth (years)])),"No Value")} -> 55.956 | P73: {=IFERROR(MEDIAN( IF( (World[Country Name]=$I73)* (World[Year]=Year-1)* (World[GDP per capita (USD)]<>0), World[GDP per capita (USD)])),"No Value")} -> 594.152 | Q73: {=IFERROR(MEDIAN( IF( (World[Country Name]=$I73)* (World[Year]=Year-1)* (World[Unemployment (% of total labor force) (modeled ILO estimate)]<>0), World[Unemployment (% of total labor force) (modeled ILO estimate)])),"No Value")} -> 10.626 | R73: {=IFERROR(MEDIAN( IF( (World[Country Name]=$I73)* (World[Year]=Year-2)* (World[Infant mortality rate (per 1,000 live births)]<>0), World[Infant mortality rate (per 1,000 live births)])),"No Value")} -> 63.9 | S73: {=IFERROR(MEDIAN( IF( (World[Country Name]=$I73)* (World[Year]=Year-2)* (World[Life expectancy at birth (years)]<>0), World[Life expectancy at birth (years)])),"No Value")} -> 55.547 | T73: {=IFERROR(MEDIAN( IF( (World[Country Name]=$I73)* (World[Year]=Year-2)* (World[GDP per capita (USD)]<>0), World[GDP per capita (USD)])),"No Value")} -> 637.932 | U73: {=IFERROR(MEDIAN( IF( (World[Country Name]=$I73)* (World[Year]=Year-2)* (World[Unemployment (% of total labor force) (modeled ILO estimate)]<>0), World[Unemployment (% of total labor force) (modeled ILO estimate)])),"No Value")} -> 10.609
... I213: Zimbabwe | J213: {=IFERROR(MEDIAN( IF( (World[Country Name]=$I213)* (World[Year]=Year)* (World[Infant mortality rate (per 1,000 live births)]<>0), World[Infant mortality rate (per 1,000 live births)])),"No Value")} -> 57.9 | K213: {=IFERROR(MEDIAN( IF( (World[Country Name]=$I213)* (World[Year]=Year)* (World[Life expectancy at birth (years)]<>0), World[Life expectancy at birth (years)])),"No data")} -> 44.01 | L213: {=IFERROR(MEDIAN( IF( (World[Country Name]=$I213)* (World[Year]=Year)* (World[GDP per capita (USD)]<>0), World[GDP per capita (USD)])),"No Value")} -> 568.386 | M213: {=IFERROR(MEDIAN( IF( (World[Country Name]=$I213)* (World[Year]=Year)* (World[Unemployment (% of total labor force) (modeled ILO estimate)]<>0), World[Unemployment (% of total labor force) (modeled ILO estimate)])),"No Value")} -> 5.405 | N213: {=IFERROR(MEDIAN( IF( (World[Country Name]=$I213)* (World[Year]=Year-1)* (World[Infant mortality rate (per 1,000 live births)]<>0), World[Infant mortality rate (per 1,000 live births)])),"No Value")} -> 58.4 | O213: {=IFERROR(MEDIAN( IF( (World[Country Name]=$I213)* (World[Year]=Year-1)* (World[Life expectancy at birth (years)]<>0), World[Life expectancy at birth (years)])),"No Value")} -> 44.649 | P213: {=IFERROR(MEDIAN( IF( (World[Country Name]=$I213)* (World[Year]=Year-1)* (World[GDP per capita (USD)]<>0), World[GDP per capita (USD)])),"No Value")} -> 563.058 | Q213: {=IFERROR(MEDIAN( IF( (World[Country Name]=$I213)* (World[Year]=Year-1)* (World[Unemployment (% of total labor force) (modeled ILO estimate)]<>0), World[Unemployment (% of total labor force) (modeled ILO estimate)])),"No Value")} -> 5.703 | R213: {=IFERROR(MEDIAN( IF( (World[Country Name]=$I213)* (World[Year]=Year-2)* (World[Infant mortality rate (per 1,000 live births)]<>0), World[Infant mortality rate (per 1,000 live births)])),"No Value")} -> 59.1 | S213: {=IFERROR(MEDIAN( IF( (World[Country Name]=$I213)* (World[Year]=Year-2)* (World[Life expectancy at birth (years)]<>0), World[Life expectancy at birth (years)])),"No Value")} -> 45.461 | T213: {=IFERROR(MEDIAN( IF( (World[Country Name]=$I213)* (World[Year]=Year-2)* (World[GDP per capita (USD)]<>0), World[GDP per capita (USD)])),"No Value")} -> 580.071 | U213: {=IFERROR(MEDIAN( IF( (World[Country Name]=$I213)* (World[Year]=Year-2)* (World[Unemployment (% of total labor force) (modeled ILO estimate)]<>0), World[Unemployment (% of total labor force) (modeled ILO estimate)])),"No Value")} -> 6
